Area,Year,m0-4,m5-9,m10-14,m15-19,m20-24,m25-29,m30-34,m35-39,m40-44,m45-49,m50-54,m55-59,m60-64,m65-69,m70-74,m75-79,m80-84,m85+,f0-4,f5-9,f10-14,f15-19,f20-24,f25-29,f30-34,f35-39,f40-44,f45-49,f50-54,f55-59,f60-64,f65-69,f70-74,f75-79,f80-84,f85+,Total
Illawarra Catchment Reserve,1991,0,0,0,0,0,0,0,0,0,0,0,0,1,0,0,0,0,0,3,2,0,3,1,3,0,0,0,0,0,0,0,0,0,0,0,0,13
Lord Howe Island,1991,17,10,7,3,13,22,16,20,17,6,10,8,8,6,6,1,0,1,13,12,7,0,14,21,19,18,24,6,11,6,7,8,5,3,7,4,356
Blue Mountains - South,1991,0,1,0,0,0,2,0,0,0,0,1,0,0,1,0,0,0,0,1,0,1,0,0,0,0,0,0,0,0,0,0,0,0,0,0,0,7
Migratory - Offshore - Shipping (NSW),1991,0,0,0,0,0,0,0,0,0,0,0,0,0,0,0,0,0,0,0,0,0,0,0,0,0,0,0,0,0,0,0,0,0,0,0,0,0
Special Purpose Codes SA3 (NSW),1991,0,0,0,0,0,0,0,0,0,0,0,0,0,0,0,0,0,0,0,0,0,0,0,0,0,0,0,0,0,0,0,0,0,0,0,0,0
Migratory - Offshore - Shipping (Vic.),1991,0,0,0,0,0,0,0,0,0,0,0,0,0,0,0,0,0,0,0,0,0,0,0,0,0,0,0,0,0,0,0,0,0,0,0,0,0
Special Purpose Codes SA3 (Vic.),1991,0,0,0,0,0,0,0,0,0,0,0,0,0,0,0,0,0,0,0,0,0,0,0,0,0,0,0,0,0,0,0,0,0,0,0,0,0
Migratory - Offshore - Shipping (Qld),1991,0,0,0,0,0,0,0,0,0,0,0,0,0,0,0,0,0,0,0,0,0,0,0,0,0,0,0,0,0,0,0,0,0,0,0,0,0
Special Purpose Codes SA3 (Qld),1991,0,0,0,0,0,0,0,0,0,0,0,0,0,0,0,0,0,0,0,0,0,0,0,0,0,0,0,0,0,0,0,0,0,0,0,0,0
Migratory - Offshore - Shipping (SA),1991,0,0,0,0,0,0,0,0,0,0,0,0,0,0,0,0,0,0,0,0,0,0,0,0,0,0,0,0,0,0,0,0,0,0,0,0,0
Special Purpose Codes SA3 (SA),1991,0,0,0,0,0,0,0,0,0,0,0,0,0,0,0,0,0,0,0,0,0,0,0,0,0,0,0,0,0,0,0,0,0,0,0,0,0
Migratory - Offshore - Shipping (WA),1991,0,0,0,0,0,0,0,0,0,0,0,0,0,0,0,0,0,0,0,0,0,0,0,0,0,0,0,0,0,0,0,0,0,0,0,0,0
Special Purpose Codes SA3 (WA),1991,0,0,0,0,0,0,0,0,0,0,0,0,0,0,0,0,0,0,0,0,0,0,0,0,0,0,0,0,0,0,0,0,0,0,0,0,0
Migratory - Offshore - Shipping (Tas.),1991,0,0,0,0,0,0,0,0,0,0,0,0,0,0,0,0,0,0,0,0,0,0,0,0,0,0,0,0,0,0,0,0,0,0,0,0,0
Special Purpose Codes SA3 (Tas.),1991,0,0,0,0,0,0,0,0,0,0,0,0,0,0,0,0,0,0,0,0,0,0,0,0,0,0,0,0,0,0,0,0,0,0,0,0,0
Migratory - Offshore - Shipping (NT),1991,0,0,0,0,0,0,0,0,0,0,0,0,0,0,0,0,0,0,0,0,0,0,0,0,0,0,0,0,0,0,0,0,0,0,0,0,0
Special Purpose Codes SA3 (NT),1991,0,0,0,0,0,0,0,0,0,0,0,0,0,0,0,0,0,0,0,0,0,0,0,0,0,0,0,0,0,0,0,0,0,0,0,0,0
Cotter - Namadgi,1991,31,27,20,26,33,37,39,30,19,10,17,17,18,7,8,4,2,0,31,14,24,13,30,30,28,23,17,21,8,12,10,3,1,0,3,4,617
Gungahlin,1991,20,20,25,28,15,18,17,15,28,18,12,5,10,4,4,1,1,0,15,20,10,22,17,18,22,19,11,25,8,10,3,7,3,1,2,1,455
Migratory - Offshore - Shipping (ACT),1991,0,0,0,0,0,0,0,0,0,0,0,0,0,0,0,0,0,0,0,0,0,0,0,0,0,0,0,0,0,0,0,0,0,0,0,0,0
Special Purpose Codes SA3 (ACT),1991,0,0,0,0,0,0,0,0,0,0,0,0,0,0,0,0,0,0,0,0,0,0,0,0,0,0,0,0,0,0,0,0,0,0,0,0,0
Migratory - Offshore - Shipping (OT),1991,0,0,0,0,0,0,0,0,0,0,0,0,0,0,0,0,0,0,0,0,0,0,0,0,0,0,0,0,0,0,0,0,0,0,0,0,0
Special Purpose Codes SA3 (OT),1991,0,0,0,0,0,0,0,0,0,0,0,0,0,0,0,0,0,0,0,0,0,0,0,0,0,0,0,0,0,0,0,0,0,0,0,0,0
Illawarra Catchment Reserve,1992,0,0,0,0,0,0,0,0,0,0,0,1,0,0,0,0,0,0,4,2,3,2,1,0,0,0,0,0,0,0,0,0,0,0,0,0,13
Lord Howe Island,1992,15,11,7,3,12,21,18,18,17,7,9,9,9,6,5,1,0,2,14,12,7,1,14,21,19,16,22,7,10,6,6,8,6,3,8,5,355
Blue Mountains - South,1992,0,0,0,2,0,1,0,0,0,0,0,0,0,0,0,0,0,0,0,0,1,0,0,0,0,0,0,0,1,0,0,1,0,0,0,1,7
Migratory - Offshore - Shipping (NSW),1992,0,0,0,0,0,0,0,0,0,0,0,0,0,0,0,0,0,0,0,0,0,0,0,0,0,0,0,0,0,0,0,0,0,0,0,0,0
Special Purpose Codes SA3 (NSW),1992,0,0,0,0,0,0,0,0,0,0,0,0,0,0,0,0,0,0,0,0,0,0,0,0,0,0,0,0,0,0,0,0,0,0,0,0,0
Migratory - Offshore - Shipping (Vic.),1992,0,0,0,0,0,0,0,0,0,0,0,0,0,0,0,0,0,0,0,0,0,0,0,0,0,0,0,0,0,0,0,0,0,0,0,0,0
Special Purpose Codes SA3 (Vic.),1992,0,0,0,0,0,0,0,0,0,0,0,0,0,0,0,0,0,0,0,0,0,0,0,0,0,0,0,0,0,0,0,0,0,0,0,0,0
Migratory - Offshore - Shipping (Qld),1992,0,0,0,0,0,0,0,0,0,0,0,0,0,0,0,0,0,0,0,0,0,0,0,0,0,0,0,0,0,0,0,0,0,0,0,0,0
Special Purpose Codes SA3 (Qld),1992,0,0,0,0,0,0,0,0,0,0,0,0,0,0,0,0,0,0,0,0,0,0,0,0,0,0,0,0,0,0,0,0,0,0,0,0,0
Migratory - Offshore - Shipping (SA),1992,0,0,0,0,0,0,0,0,0,0,0,0,0,0,0,0,0,0,0,0,0,0,0,0,0,0,0,0,0,0,0,0,0,0,0,0,0
Special Purpose Codes SA3 (SA),1992,0,0,0,0,0,0,0,0,0,0,0,0,0,0,0,0,0,0,0,0,0,0,0,0,0,0,0,0,0,0,0,0,0,0,0,0,0
Migratory - Offshore - Shipping (WA),1992,0,0,0,0,0,0,0,0,0,0,0,0,0,0,0,0,0,0,0,0,0,0,0,0,0,0,0,0,0,0,0,0,0,0,0,0,0
Special Purpose Codes SA3 (WA),1992,0,0,0,0,0,0,0,0,0,0,0,0,0,0,0,0,0,0,0,0,0,0,0,0,0,0,0,0,0,0,0,0,0,0,0,0,0
Migratory - Offshore - Shipping (Tas.),1992,0,0,0,0,0,0,0,0,0,0,0,0,0,0,0,0,0,0,0,0,0,0,0,0,0,0,0,0,0,0,0,0,0,0,0,0,0
Special Purpose Codes SA3 (Tas.),1992,0,0,0,0,0,0,0,0,0,0,0,0,0,0,0,0,0,0,0,0,0,0,0,0,0,0,0,0,0,0,0,0,0,0,0,0,0
Migratory - Offshore - Shipping (NT),1992,0,0,0,0,0,0,0,0,0,0,0,0,0,0,0,0,0,0,0,0,0,0,0,0,0,0,0,0,0,0,0,0,0,0,0,0,0
Special Purpose Codes SA3 (NT),1992,0,0,0,0,0,0,0,0,0,0,0,0,0,0,0,0,0,0,0,0,0,0,0,0,0,0,0,0,0,0,0,0,0,0,0,0,0
Cotter - Namadgi,1992,30,28,21,23,32,36,36,30,19,12,17,16,18,7,8,4,2,0,31,15,23,13,31,29,29,23,20,19,9,11,11,3,1,0,5,5,617
Gungahlin,1992,37,35,35,38,38,36,36,29,40,34,21,10,9,4,4,1,1,0,32,31,24,30,40,42,42,37,26,35,18,12,5,7,5,2,3,2,801
Migratory - Offshore - Shipping (ACT),1992,0,0,0,0,0,0,0,0,0,0,0,0,0,0,0,0,0,0,0,0,0,0,0,0,0,0,0,0,0,0,0,0,0,0,0,0,0
Special Purpose Codes SA3 (ACT),1992,0,0,0,0,0,0,0,0,0,0,0,0,0,0,0,0,0,0,0,0,0,0,0,0,0,0,0,0,0,0,0,0,0,0,0,0,0
Migratory - Offshore - Shipping (OT),1992,0,0,0,0,0,0,0,0,0,0,0,0,0,0,0,0,0,0,0,0,0,0,0,0,0,0,0,0,0,0,0,0,0,0,0,0,0
Special Purpose Codes SA3 (OT),1992,0,0,0,0,0,0,0,0,0,0,0,0,0,0,0,0,0,0,0,0,0,0,0,0,0,0,0,0,0,0,0,0,0,0,0,0,0
Illawarra Catchment Reserve,1993,0,0,0,0,2,3,2,0,2,3,1,0,0,0,0,0,0,0,0,0,0,0,0,0,0,0,0,0,0,0,0,0,0,0,0,0,13
Lord Howe Island,1993,15,13,5,4,12,20,18,17,17,8,9,9,8,7,5,2,0,3,13,12,7,3,13,20,18,15,22,9,9,7,7,7,8,4,7,5,358
Blue Mountains - South,1993,0,0,1,0,1,1,0,0,0,0,1,0,0,0,1,0,0,0,0,0,0,0,1,0,0,0,0,0,0,0,0,1,0,0,0,0,7
Migratory - Offshore - Shipping (NSW),1993,0,0,0,0,0,0,0,0,0,0,0,0,0,0,0,0,0,0,0,0,0,0,0,0,0,0,0,0,0,0,0,0,0,0,0,0,0
Special Purpose Codes SA3 (NSW),1993,0,0,0,0,0,0,0,0,0,0,0,0,0,0,0,0,0,0,0,0,0,0,0,0,0,0,0,0,0,0,0,0,0,0,0,0,0
Migratory - Offshore - Shipping (Vic.),1993,0,0,0,0,0,0,0,0,0,0,0,0,0,0,0,0,0,0,0,0,0,0,0,0,0,0,0,0,0,0,0,0,0,0,0,0,0
Special Purpose Codes SA3 (Vic.),1993,0,0,0,0,0,0,0,0,0,0,0,0,0,0,0,0,0,0,0,0,0,0,0,0,0,0,0,0,0,0,0,0,0,0,0,0,0
Migratory - Offshore - Shipping (Qld),1993,0,0,0,0,0,0,0,0,0,0,0,0,0,0,0,0,0,0,0,0,0,0,0,0,0,0,0,0,0,0,0,0,0,0,0,0,0
Special Purpose Codes SA3 (Qld),1993,0,0,0,0,0,0,0,0,0,0,0,0,0,0,0,0,0,0,0,0,0,0,0,0,0,0,0,0,0,0,0,0,0,0,0,0,0
Migratory - Offshore - Shipping (SA),1993,0,0,0,0,0,0,0,0,0,0,0,0,0,0,0,0,0,0,0,0,0,0,0,0,0,0,0,0,0,0,0,0,0,0,0,0,0
Special Purpose Codes SA3 (SA),1993,0,0,0,0,0,0,0,0,0,0,0,0,0,0,0,0,0,0,0,0,0,0,0,0,0,0,0,0,0,0,0,0,0,0,0,0,0
Migratory - Offshore - Shipping (WA),1993,0,0,0,0,0,0,0,0,0,0,0,0,0,0,0,0,0,0,0,0,0,0,0,0,0,0,0,0,0,0,0,0,0,0,0,0,0
Special Purpose Codes SA3 (WA),1993,0,0,0,0,0,0,0,0,0,0,0,0,0,0,0,0,0,0,0,0,0,0,0,0,0,0,0,0,0,0,0,0,0,0,0,0,0
Migratory - Offshore - Shipping (Tas.),1993,0,0,0,0,0,0,0,0,0,0,0,0,0,0,0,0,0,0,0,0,0,0,0,0,0,0,0,0,0,0,0,0,0,0,0,0,0
Special Purpose Codes SA3 (Tas.),1993,0,0,0,0,0,0,0,0,0,0,0,0,0,0,0,0,0,0,0,0,0,0,0,0,0,0,0,0,0,0,0,0,0,0,0,0,0
Migratory - Offshore - Shipping (NT),1993,0,0,0,0,0,0,0,0,0,0,0,0,0,0,0,0,0,0,0,0,0,0,0,0,0,0,0,0,0,0,0,0,0,0,0,0,0
Special Purpose Codes SA3 (NT),1993,0,0,0,0,0,0,0,0,0,0,0,0,0,0,0,0,0,0,0,0,0,0,0,0,0,0,0,0,0,0,0,0,0,0,0,0,0
Cotter - Namadgi,1993,27,27,20,19,31,37,31,29,18,12,13,17,17,10,8,4,2,1,28,14,20,12,31,27,27,22,19,19,13,10,11,3,2,0,3,3,587
Gungahlin,1993,199,152,123,130,203,212,202,163,140,148,79,44,22,17,15,9,4,3,183,144,116,116,253,244,215,170,131,131,79,37,22,22,13,6,3,5,3755
Migratory - Offshore - Shipping (ACT),1993,0,0,0,0,0,0,0,0,0,0,0,0,0,0,0,0,0,0,0,0,0,0,0,0,0,0,0,0,0,0,0,0,0,0,0,0,0
Special Purpose Codes SA3 (ACT),1993,0,0,0,0,0,0,0,0,0,0,0,0,0,0,0,0,0,0,0,0,0,0,0,0,0,0,0,0,0,0,0,0,0,0,0,0,0
Migratory - Offshore - Shipping (OT),1993,0,0,0,0,0,0,0,0,0,0,0,0,0,0,0,0,0,0,0,0,0,0,0,0,0,0,0,0,0,0,0,0,0,0,0,0,0
Special Purpose Codes SA3 (OT),1993,0,0,0,0,0,0,0,0,0,0,0,0,0,0,0,0,0,0,0,0,0,0,0,0,0,0,0,0,0,0,0,0,0,0,0,0,0
Illawarra Catchment Reserve,1994,0,0,0,0,0,0,0,0,0,0,0,0,0,0,0,0,0,0,0,0,0,1,1,1,3,3,2,2,0,0,0,0,0,0,0,0,13
Lord Howe Island,1994,12,13,5,4,11,18,19,15,15,10,6,10,9,8,4,4,1,3,14,12,6,4,14,19,18,14,17,11,7,10,7,7,8,4,5,6,350
Blue Mountains - South,1994,0,0,0,0,1,0,0,0,0,0,0,0,1,0,0,0,0,0,2,0,0,0,0,0,0,1,0,0,1,0,0,0,1,0,0,0,7
Migratory - Offshore - Shipping (NSW),1994,0,0,0,0,0,0,0,0,0,0,0,0,0,0,0,0,0,0,0,0,0,0,0,0,0,0,0,0,0,0,0,0,0,0,0,0,0
Special Purpose Codes SA3 (NSW),1994,0,0,0,0,0,0,0,0,0,0,0,0,0,0,0,0,0,0,0,0,0,0,0,0,0,0,0,0,0,0,0,0,0,0,0,0,0
Migratory - Offshore - Shipping (Vic.),1994,0,0,0,0,0,0,0,0,0,0,0,0,0,0,0,0,0,0,0,0,0,0,0,0,0,0,0,0,0,0,0,0,0,0,0,0,0
Special Purpose Codes SA3 (Vic.),1994,0,0,0,0,0,0,0,0,0,0,0,0,0,0,0,0,0,0,0,0,0,0,0,0,0,0,0,0,0,0,0,0,0,0,0,0,0
Migratory - Offshore - Shipping (Qld),1994,0,0,0,0,0,0,0,0,0,0,0,0,0,0,0,0,0,0,0,0,0,0,0,0,0,0,0,0,0,0,0,0,0,0,0,0,0
Special Purpose Codes SA3 (Qld),1994,0,0,0,0,0,0,0,0,0,0,0,0,0,0,0,0,0,0,0,0,0,0,0,0,0,0,0,0,0,0,0,0,0,0,0,0,0
Migratory - Offshore - Shipping (SA),1994,0,0,0,0,0,0,0,0,0,0,0,0,0,0,0,0,0,0,0,0,0,0,0,0,0,0,0,0,0,0,0,0,0,0,0,0,0
Special Purpose Codes SA3 (SA),1994,0,0,0,0,0,0,0,0,0,0,0,0,0,0,0,0,0,0,0,0,0,0,0,0,0,0,0,0,0,0,0,0,0,0,0,0,0
Migratory - Offshore - Shipping (WA),1994,0,0,0,0,0,0,0,0,0,0,0,0,0,0,0,0,0,0,0,0,0,0,0,0,0,0,0,0,0,0,0,0,0,0,0,0,0
Special Purpose Codes SA3 (WA),1994,0,0,0,0,0,0,0,0,0,0,0,0,0,0,0,0,0,0,0,0,0,0,0,0,0,0,0,0,0,0,0,0,0,0,0,0,0
Migratory - Offshore - Shipping (Tas.),1994,0,0,0,0,0,0,0,0,0,0,0,0,0,0,0,0,0,0,0,0,0,0,0,0,0,0,0,0,0,0,0,0,0,0,0,0,0
Special Purpose Codes SA3 (Tas.),1994,0,0,0,0,0,0,0,0,0,0,0,0,0,0,0,0,0,0,0,0,0,0,0,0,0,0,0,0,0,0,0,0,0,0,0,0,0
Migratory - Offshore - Shipping (NT),1994,0,0,0,0,0,0,0,0,0,0,0,0,0,0,0,0,0,0,0,0,0,0,0,0,0,0,0,0,0,0,0,0,0,0,0,0,0
Special Purpose Codes SA3 (NT),1994,0,0,0,0,0,0,0,0,0,0,0,0,0,0,0,0,0,0,0,0,0,0,0,0,0,0,0,0,0,0,0,0,0,0,0,0,0
Cotter - Namadgi,1994,23,25,18,18,27,31,28,27,19,17,13,16,11,9,4,2,2,3,23,17,17,14,27,25,26,26,18,18,13,8,8,5,1,0,1,5,545
Gungahlin,1994,350,265,212,219,377,420,378,296,236,243,138,78,40,34,23,13,4,6,343,248,205,197,476,475,392,309,233,217,134,67,37,38,22,9,7,5,6746
Migratory - Offshore - Shipping (ACT),1994,0,0,0,0,0,0,0,0,0,0,0,0,0,0,0,0,0,0,0,0,0,0,0,0,0,0,0,0,0,0,0,0,0,0,0,0,0
Special Purpose Codes SA3 (ACT),1994,0,0,0,0,0,0,0,0,0,0,0,0,0,0,0,0,0,0,0,0,0,0,0,0,0,0,0,0,0,0,0,0,0,0,0,0,0
Migratory - Offshore - Shipping (OT),1994,0,0,0,0,0,0,0,0,0,0,0,0,0,0,0,0,0,0,0,0,0,0,0,0,0,0,0,0,0,0,0,0,0,0,0,0,0
Special Purpose Codes SA3 (OT),1994,0,0,0,0,0,0,0,0,0,0,0,0,0,0,0,0,0,0,0,0,0,0,0,0,0,0,0,0,0,0,0,0,0,0,0,0,0
Illawarra Catchment Reserve,1995,0,0,0,0,0,0,0,1,1,3,3,0,0,0,0,0,0,0,0,1,3,1,0,0,0,0,0,0,0,0,0,0,0,0,0,0,13
Lord Howe Island,1995,11,15,3,5,10,16,17,13,15,10,5,10,8,8,3,5,1,4,13,12,6,5,12,17,15,11,15,11,5,11,8,5,8,5,8,6,332
Blue Mountains - South,1995,0,0,0,2,1,0,0,0,0,1,0,0,0,0,0,0,0,0,1,0,0,0,1,1,0,0,0,0,0,0,0,0,0,0,0,0,7
Migratory - Offshore - Shipping (NSW),1995,0,0,0,0,0,0,0,0,0,0,0,0,0,0,0,0,0,0,0,0,0,0,0,0,0,0,0,0,0,0,0,0,0,0,0,0,0
Special Purpose Codes SA3 (NSW),1995,0,0,0,0,0,0,0,0,0,0,0,0,0,0,0,0,0,0,0,0,0,0,0,0,0,0,0,0,0,0,0,0,0,0,0,0,0
Migratory - Offshore - Shipping (Vic.),1995,0,0,0,0,0,0,0,0,0,0,0,0,0,0,0,0,0,0,0,0,0,0,0,0,0,0,0,0,0,0,0,0,0,0,0,0,0
Special Purpose Codes SA3 (Vic.),1995,0,0,0,0,0,0,0,0,0,0,0,0,0,0,0,0,0,0,0,0,0,0,0,0,0,0,0,0,0,0,0,0,0,0,0,0,0
Migratory - Offshore - Shipping (Qld),1995,0,0,0,0,0,0,0,0,0,0,0,0,0,0,0,0,0,0,0,0,0,0,0,0,0,0,0,0,0,0,0,0,0,0,0,0,0
Special Purpose Codes SA3 (Qld),1995,0,0,0,0,0,0,0,0,0,0,0,0,0,0,0,0,0,0,0,0,0,0,0,0,0,0,0,0,0,0,0,0,0,0,0,0,0
Migratory - Offshore - Shipping (SA),1995,0,0,0,0,0,0,0,0,0,0,0,0,0,0,0,0,0,0,0,0,0,0,0,0,0,0,0,0,0,0,0,0,0,0,0,0,0
Special Purpose Codes SA3 (SA),1995,0,0,0,0,0,0,0,0,0,0,0,0,0,0,0,0,0,0,0,0,0,0,0,0,0,0,0,0,0,0,0,0,0,0,0,0,0
Migratory - Offshore - Shipping (WA),1995,0,0,0,0,0,0,0,0,0,0,0,0,0,0,0,0,0,0,0,0,0,0,0,0,0,0,0,0,0,0,0,0,0,0,0,0,0
Special Purpose Codes SA3 (WA),1995,0,0,0,0,0,0,0,0,0,0,0,0,0,0,0,0,0,0,0,0,0,0,0,0,0,0,0,0,0,0,0,0,0,0,0,0,0
Migratory - Offshore - Shipping (Tas.),1995,0,0,0,0,0,0,0,0,0,0,0,0,0,0,0,0,0,0,0,0,0,0,0,0,0,0,0,0,0,0,0,0,0,0,0,0,0
Special Purpose Codes SA3 (Tas.),1995,0,0,0,0,0,0,0,0,0,0,0,0,0,0,0,0,0,0,0,0,0,0,0,0,0,0,0,0,0,0,0,0,0,0,0,0,0
Migratory - Offshore - Shipping (NT),1995,0,0,0,0,0,0,0,0,0,0,0,0,0,0,0,0,0,0,0,0,0,0,0,0,0,0,0,0,0,0,0,0,0,0,0,0,0
Special Purpose Codes SA3 (NT),1995,0,0,0,0,0,0,0,0,0,0,0,0,0,0,0,0,0,0,0,0,0,0,0,0,0,0,0,0,0,0,0,0,0,0,0,0,0
Cotter - Namadgi,1995,20,26,18,16,23,33,22,27,19,17,10,15,13,11,3,2,1,4,21,18,15,13,26,24,27,26,20,17,17,7,9,5,1,0,4,5,535
Gungahlin,1995,535,394,305,316,570,710,599,451,341,338,195,107,61,46,28,20,8,9,529,367,304,290,730,790,600,461,346,306,199,100,62,51,30,16,11,8,10233
Migratory - Offshore - Shipping (ACT),1995,0,0,0,0,0,0,0,0,0,0,0,0,0,0,0,0,0,0,0,0,0,0,0,0,0,0,0,0,0,0,0,0,0,0,0,0,0
Special Purpose Codes SA3 (ACT),1995,0,0,0,0,0,0,0,0,0,0,0,0,0,0,0,0,0,0,0,0,0,0,0,0,0,0,0,0,0,0,0,0,0,0,0,0,0
Migratory - Offshore - Shipping (OT),1995,0,0,0,0,0,0,0,0,0,0,0,0,0,0,0,0,0,0,0,0,0,0,0,0,0,0,0,0,0,0,0,0,0,0,0,0,0
Special Purpose Codes SA3 (OT),1995,0,0,0,0,0,0,0,0,0,0,0,0,0,0,0,0,0,0,0,0,0,0,0,0,0,0,0,0,0,0,0,0,0,0,0,0,0
Illawarra Catchment Reserve,1996,0,0,0,0,0,0,0,0,0,0,0,0,0,0,0,0,0,0,0,1,0,2,2,1,2,3,2,0,0,0,0,0,0,0,0,0,13
Lord Howe Island,1996,9,16,3,5,9,15,19,11,15,10,5,11,9,8,3,5,1,5,14,12,6,6,12,18,14,10,13,12,5,11,7,5,9,5,6,7,331
Blue Mountains - South,1996,0,1,0,0,0,0,0,0,0,0,0,1,0,0,1,0,0,0,0,0,0,0,0,1,0,0,0,0,1,0,0,1,0,1,0,0,7
Migratory - Offshore - Shipping (NSW),1996,0,0,0,0,0,0,0,0,0,0,0,0,0,0,0,0,0,0,0,0,0,0,0,0,0,0,0,0,0,0,0,0,0,0,0,0,0
Special Purpose Codes SA3 (NSW),1996,0,0,0,0,0,0,0,0,0,0,0,0,0,0,0,0,0,0,0,0,0,0,0,0,0,0,0,0,0,0,0,0,0,0,0,0,0
Migratory - Offshore - Shipping (Vic.),1996,0,0,0,0,0,0,0,0,0,0,0,0,0,0,0,0,0,0,0,0,0,0,0,0,0,0,0,0,0,0,0,0,0,0,0,0,0
Special Purpose Codes SA3 (Vic.),1996,0,0,0,0,0,0,0,0,0,0,0,0,0,0,0,0,0,0,0,0,0,0,0,0,0,0,0,0,0,0,0,0,0,0,0,0,0
Migratory - Offshore - Shipping (Qld),1996,0,0,0,0,0,0,0,0,0,0,0,0,0,0,0,0,0,0,0,0,0,0,0,0,0,0,0,0,0,0,0,0,0,0,0,0,0
Special Purpose Codes SA3 (Qld),1996,0,0,0,0,0,0,0,0,0,0,0,0,0,0,0,0,0,0,0,0,0,0,0,0,0,0,0,0,0,0,0,0,0,0,0,0,0
Migratory - Offshore - Shipping (SA),1996,0,0,0,0,0,0,0,0,0,0,0,0,0,0,0,0,0,0,0,0,0,0,0,0,0,0,0,0,0,0,0,0,0,0,0,0,0
Special Purpose Codes SA3 (SA),1996,0,0,0,0,0,0,0,0,0,0,0,0,0,0,0,0,0,0,0,0,0,0,0,0,0,0,0,0,0,0,0,0,0,0,0,0,0
Migratory - Offshore - Shipping (WA),1996,0,0,0,0,0,0,0,0,0,0,0,0,0,0,0,0,0,0,0,0,0,0,0,0,0,0,0,0,0,0,0,0,0,0,0,0,0
Special Purpose Codes SA3 (WA),1996,0,0,0,0,0,0,0,0,0,0,0,0,0,0,0,0,0,0,0,0,0,0,0,0,0,0,0,0,0,0,0,0,0,0,0,0,0
Migratory - Offshore - Shipping (Tas.),1996,0,0,0,0,0,0,0,0,0,0,0,0,0,0,0,0,0,0,0,0,0,0,0,0,0,0,0,0,0,0,0,0,0,0,0,0,0
Special Purpose Codes SA3 (Tas.),1996,0,0,0,0,0,0,0,0,0,0,0,0,0,0,0,0,0,0,0,0,0,0,0,0,0,0,0,0,0,0,0,0,0,0,0,0,0
Migratory - Offshore - Shipping (NT),1996,0,0,0,0,0,0,0,0,0,0,0,0,0,0,0,0,0,0,0,0,0,0,0,0,0,0,0,0,0,0,0,0,0,0,0,0,0
Special Purpose Codes SA3 (NT),1996,0,0,0,0,0,0,0,0,0,0,0,0,0,0,0,0,0,0,0,0,0,0,0,0,0,0,0,0,0,0,0,0,0,0,0,0,0
Cotter - Namadgi,1996,18,26,18,15,20,33,19,25,19,18,10,15,12,12,2,1,2,4,19,18,13,13,25,22,24,25,19,14,18,6,9,5,1,0,2,4,506
Gungahlin,1996,670,487,363,392,673,956,757,562,431,389,242,132,78,59,33,23,9,13,668,452,376,366,876,1052,749,573,423,367,244,125,73,59,35,18,8,8,12741
Migratory - Offshore - Shipping (ACT),1996,0,0,0,0,0,0,0,0,0,0,0,0,0,0,0,0,0,0,0,0,0,0,0,0,0,0,0,0,0,0,0,0,0,0,0,0,0
Special Purpose Codes SA3 (ACT),1996,0,0,0,0,0,0,0,0,0,0,0,0,0,0,0,0,0,0,0,0,0,0,0,0,0,0,0,0,0,0,0,0,0,0,0,0,0
Migratory - Offshore - Shipping (OT),1996,0,0,0,0,0,0,0,0,0,0,0,0,0,0,0,0,0,0,0,0,0,0,0,0,0,0,0,0,0,0,0,0,0,0,0,0,0
Special Purpose Codes SA3 (OT),1996,0,0,0,0,0,0,0,0,0,0,0,0,0,0,0,0,0,0,0,0,0,0,0,0,0,0,0,0,0,0,0,0,0,0,0,0,0
Illawarra Catchment Reserve,1997,0,0,0,0,1,3,1,3,2,3,0,0,0,0,0,0,0,0,0,0,0,0,0,0,0,0,0,0,0,0,0,0,0,0,0,0,13
Lord Howe Island,1997,8,15,7,5,7,13,14,15,16,11,8,10,12,6,4,3,4,4,15,12,6,4,14,16,12,14,15,15,4,11,7,5,9,5,5,6,337
Blue Mountains - South,1997,0,0,0,1,0,0,1,0,0,1,0,0,0,0,0,1,0,0,0,0,1,0,1,0,0,0,0,1,0,0,0,0,0,0,0,0,7
Migratory - Offshore - Shipping (NSW),1997,0,0,0,0,0,0,0,0,0,0,0,0,0,0,0,0,0,0,0,0,0,0,0,0,0,0,0,0,0,0,0,0,0,0,0,0,0
Special Purpose Codes SA3 (NSW),1997,0,0,0,0,0,0,0,0,0,0,0,0,0,0,0,0,0,0,0,0,0,0,0,0,0,0,0,0,0,0,0,0,0,0,0,0,0
Migratory - Offshore - Shipping (Vic.),1997,0,0,0,0,0,0,0,0,0,0,0,0,0,0,0,0,0,0,0,0,0,0,0,0,0,0,0,0,0,0,0,0,0,0,0,0,0
Special Purpose Codes SA3 (Vic.),1997,0,0,0,0,0,0,0,0,0,0,0,0,0,0,0,0,0,0,0,0,0,0,0,0,0,0,0,0,0,0,0,0,0,0,0,0,0
Migratory - Offshore - Shipping (Qld),1997,0,0,0,0,0,0,0,0,0,0,0,0,0,0,0,0,0,0,0,0,0,0,0,0,0,0,0,0,0,0,0,0,0,0,0,0,0
Special Purpose Codes SA3 (Qld),1997,0,0,0,0,0,0,0,0,0,0,0,0,0,0,0,0,0,0,0,0,0,0,0,0,0,0,0,0,0,0,0,0,0,0,0,0,0
Migratory - Offshore - Shipping (SA),1997,0,0,0,0,0,0,0,0,0,0,0,0,0,0,0,0,0,0,0,0,0,0,0,0,0,0,0,0,0,0,0,0,0,0,0,0,0
Special Purpose Codes SA3 (SA),1997,0,0,0,0,0,0,0,0,0,0,0,0,0,0,0,0,0,0,0,0,0,0,0,0,0,0,0,0,0,0,0,0,0,0,0,0,0
Migratory - Offshore - Shipping (WA),1997,0,0,0,0,0,0,0,0,0,0,0,0,0,0,0,0,0,0,0,0,0,0,0,0,0,0,0,0,0,0,0,0,0,0,0,0,0
Special Purpose Codes SA3 (WA),1997,0,0,0,0,0,0,0,0,0,0,0,0,0,0,0,0,0,0,0,0,0,0,0,0,0,0,0,0,0,0,0,0,0,0,0,0,0
Migratory - Offshore - Shipping (Tas.),1997,0,0,0,0,0,0,0,0,0,0,0,0,0,0,0,0,0,0,0,0,0,0,0,0,0,0,0,0,0,0,0,0,0,0,0,0,0
Special Purpose Codes SA3 (Tas.),1997,0,0,0,0,0,0,0,0,0,0,0,0,0,0,0,0,0,0,0,0,0,0,0,0,0,0,0,0,0,0,0,0,0,0,0,0,0
Migratory - Offshore - Shipping (NT),1997,0,0,0,0,0,0,0,0,0,0,0,0,0,0,0,0,0,0,0,0,0,0,0,0,0,0,0,0,0,0,0,0,0,0,0,0,0
Special Purpose Codes SA3 (NT),1997,0,0,0,0,0,0,0,0,0,0,0,0,0,0,0,0,0,0,0,0,0,0,0,0,0,0,0,0,0,0,0,0,0,0,0,0,0
Cotter - Namadgi,1997,17,21,19,19,18,32,24,24,19,16,16,16,13,10,4,1,2,2,17,19,9,14,24,25,22,25,19,15,17,10,10,5,3,0,0,4,511
Gungahlin,1997,810,627,427,466,728,1053,891,689,524,445,337,175,110,84,46,29,10,12,756,579,457,441,900,1218,931,705,530,470,313,182,107,77,54,24,16,11,15234
Migratory - Offshore - Shipping (ACT),1997,0,0,0,0,0,0,0,0,0,0,0,0,0,0,0,0,0,0,0,0,0,0,0,0,0,0,0,0,0,0,0,0,0,0,0,0,0
Special Purpose Codes SA3 (ACT),1997,0,0,0,0,0,0,0,0,0,0,0,0,0,0,0,0,0,0,0,0,0,0,0,0,0,0,0,0,0,0,0,0,0,0,0,0,0
Migratory - Offshore - Shipping (OT),1997,0,0,0,0,0,0,0,0,0,0,0,0,0,0,0,0,0,0,0,0,0,0,0,0,0,0,0,0,0,0,0,0,0,0,0,0,0
Special Purpose Codes SA3 (OT),1997,0,0,0,0,0,0,0,0,0,0,0,0,0,0,0,0,0,0,0,0,0,0,0,0,0,0,0,0,0,0,0,0,0,0,0,0,0
Illawarra Catchment Reserve,1998,0,0,0,0,0,0,0,0,0,2,2,2,2,1,0,0,0,0,0,2,2,0,0,0,0,0,0,0,0,0,0,0,0,0,0,0,13
Lord Howe Island,1998,7,14,8,3,7,10,14,14,15,14,9,8,13,5,6,2,3,4,14,13,6,4,11,15,10,12,18,16,4,11,7,7,7,3,5,5,324
Blue Mountains - South,1998,0,0,0,0,1,0,0,0,0,0,1,0,0,1,0,0,0,0,0,1,0,0,0,0,1,0,0,1,0,0,1,0,0,0,0,0,7
Migratory - Offshore - Shipping (NSW),1998,0,0,0,0,0,0,0,0,0,0,0,0,0,0,0,0,0,0,0,0,0,0,0,0,0,0,0,0,0,0,0,0,0,0,0,0,0
Special Purpose Codes SA3 (NSW),1998,0,0,0,0,0,0,0,0,0,0,0,0,0,0,0,0,0,0,0,0,0,0,0,0,0,0,0,0,0,0,0,0,0,0,0,0,0
Migratory - Offshore - Shipping (Vic.),1998,0,0,0,0,0,0,0,0,0,0,0,0,0,0,0,0,0,0,0,0,0,0,0,0,0,0,0,0,0,0,0,0,0,0,0,0,0
Special Purpose Codes SA3 (Vic.),1998,0,0,0,0,0,0,0,0,0,0,0,0,0,0,0,0,0,0,0,0,0,0,0,0,0,0,0,0,0,0,0,0,0,0,0,0,0
Migratory - Offshore - Shipping (Qld),1998,0,0,0,0,0,0,0,0,0,0,0,0,0,0,0,0,0,0,0,0,0,0,0,0,0,0,0,0,0,0,0,0,0,0,0,0,0
Special Purpose Codes SA3 (Qld),1998,0,0,0,0,0,0,0,0,0,0,0,0,0,0,0,0,0,0,0,0,0,0,0,0,0,0,0,0,0,0,0,0,0,0,0,0,0
Migratory - Offshore - Shipping (SA),1998,0,0,0,0,0,0,0,0,0,0,0,0,0,0,0,0,0,0,0,0,0,0,0,0,0,0,0,0,0,0,0,0,0,0,0,0,0
Special Purpose Codes SA3 (SA),1998,0,0,0,0,0,0,0,0,0,0,0,0,0,0,0,0,0,0,0,0,0,0,0,0,0,0,0,0,0,0,0,0,0,0,0,0,0
Migratory - Offshore - Shipping (WA),1998,0,0,0,0,0,0,0,0,0,0,0,0,0,0,0,0,0,0,0,0,0,0,0,0,0,0,0,0,0,0,0,0,0,0,0,0,0
Special Purpose Codes SA3 (WA),1998,0,0,0,0,0,0,0,0,0,0,0,0,0,0,0,0,0,0,0,0,0,0,0,0,0,0,0,0,0,0,0,0,0,0,0,0,0
Migratory - Offshore - Shipping (Tas.),1998,0,0,0,0,0,0,0,0,0,0,0,0,0,0,0,0,0,0,0,0,0,0,0,0,0,0,0,0,0,0,0,0,0,0,0,0,0
Special Purpose Codes SA3 (Tas.),1998,0,0,0,0,0,0,0,0,0,0,0,0,0,0,0,0,0,0,0,0,0,0,0,0,0,0,0,0,0,0,0,0,0,0,0,0,0
Migratory - Offshore - Shipping (NT),1998,0,0,0,0,0,0,0,0,0,0,0,0,0,0,0,0,0,0,0,0,0,0,0,0,0,0,0,0,0,0,0,0,0,0,0,0,0
Special Purpose Codes SA3 (NT),1998,0,0,0,0,0,0,0,0,0,0,0,0,0,0,0,0,0,0,0,0,0,0,0,0,0,0,0,0,0,0,0,0,0,0,0,0,0
Cotter - Namadgi,1998,17,18,18,21,22,34,31,20,18,20,14,16,10,10,4,0,1,1,14,19,10,14,23,26,24,26,14,19,15,14,11,5,2,0,0,2,513
Gungahlin,1998,936,733,505,486,779,1124,1013,818,587,492,430,222,145,100,58,33,14,11,865,686,490,504,927,1315,1072,831,612,560,381,231,143,102,67,37,21,14,17344
Migratory - Offshore - Shipping (ACT),1998,0,0,0,0,0,0,0,0,0,0,0,0,0,0,0,0,0,0,0,0,0,0,0,0,0,0,0,0,0,0,0,0,0,0,0,0,0
Special Purpose Codes SA3 (ACT),1998,0,0,0,0,0,0,0,0,0,0,0,0,0,0,0,0,0,0,0,0,0,0,0,0,0,0,0,0,0,0,0,0,0,0,0,0,0
Migratory - Offshore - Shipping (OT),1998,0,0,0,0,0,0,0,0,0,0,0,0,0,0,0,0,0,0,0,0,0,0,0,0,0,0,0,0,0,0,0,0,0,0,0,0,0
Special Purpose Codes SA3 (OT),1998,0,0,0,0,0,0,0,0,0,0,0,0,0,0,0,0,0,0,0,0,0,0,0,0,0,0,0,0,0,0,0,0,0,0,0,0,0
Illawarra Catchment Reserve,1999,0,0,0,0,0,0,0,0,0,0,0,0,0,0,1,2,0,0,1,2,2,2,0,2,0,0,0,1,0,0,0,0,0,0,0,0,13
Lord Howe Island,1999,6,14,12,3,8,9,17,14,17,17,11,11,13,7,8,3,2,3,14,16,6,4,11,15,12,13,20,16,10,12,9,7,8,2,6,4,360
Blue Mountains - South,1999,0,0,0,0,0,1,1,0,0,0,0,0,2,0,1,0,0,0,0,1,0,0,0,0,0,0,1,0,0,0,0,0,0,0,0,0,7
Migratory - Offshore - Shipping (NSW),1999,0,0,0,0,0,0,0,0,0,0,0,0,0,0,0,0,0,0,0,0,0,0,0,0,0,0,0,0,0,0,0,0,0,0,0,0,0
Special Purpose Codes SA3 (NSW),1999,0,0,0,0,0,0,0,0,0,0,0,0,0,0,0,0,0,0,0,0,0,0,0,0,0,0,0,0,0,0,0,0,0,0,0,0,0
Migratory - Offshore - Shipping (Vic.),1999,0,0,0,0,0,0,0,0,0,0,0,0,0,0,0,0,0,0,0,0,0,0,0,0,0,0,0,0,0,0,0,0,0,0,0,0,0
Special Purpose Codes SA3 (Vic.),1999,0,0,0,0,0,0,0,0,0,0,0,0,0,0,0,0,0,0,0,0,0,0,0,0,0,0,0,0,0,0,0,0,0,0,0,0,0
Migratory - Offshore - Shipping (Qld),1999,0,0,0,0,0,0,0,0,0,0,0,0,0,0,0,0,0,0,0,0,0,0,0,0,0,0,0,0,0,0,0,0,0,0,0,0,0
Special Purpose Codes SA3 (Qld),1999,0,0,0,0,0,0,0,0,0,0,0,0,0,0,0,0,0,0,0,0,0,0,0,0,0,0,0,0,0,0,0,0,0,0,0,0,0
Migratory - Offshore - Shipping (SA),1999,0,0,0,0,0,0,0,0,0,0,0,0,0,0,0,0,0,0,0,0,0,0,0,0,0,0,0,0,0,0,0,0,0,0,0,0,0
Special Purpose Codes SA3 (SA),1999,0,0,0,0,0,0,0,0,0,0,0,0,0,0,0,0,0,0,0,0,0,0,0,0,0,0,0,0,0,0,0,0,0,0,0,0,0
Migratory - Offshore - Shipping (WA),1999,0,0,0,0,0,0,0,0,0,0,0,0,0,0,0,0,0,0,0,0,0,0,0,0,0,0,0,0,0,0,0,0,0,0,0,0,0
Special Purpose Codes SA3 (WA),1999,0,0,0,0,0,0,0,0,0,0,0,0,0,0,0,0,0,0,0,0,0,0,0,0,0,0,0,0,0,0,0,0,0,0,0,0,0
Migratory - Offshore - Shipping (Tas.),1999,0,0,0,0,0,0,0,0,0,0,0,0,0,0,0,0,0,0,0,0,0,0,0,0,0,0,0,0,0,0,0,0,0,0,0,0,0
Special Purpose Codes SA3 (Tas.),1999,0,0,0,0,0,0,0,0,0,0,0,0,0,0,0,0,0,0,0,0,0,0,0,0,0,0,0,0,0,0,0,0,0,0,0,0,0
Migratory - Offshore - Shipping (NT),1999,0,0,0,0,0,0,0,0,0,0,0,0,0,0,0,0,0,0,0,0,0,0,0,0,0,0,0,0,0,0,0,0,0,0,0,0,0
Special Purpose Codes SA3 (NT),1999,0,0,0,0,0,0,0,0,0,0,0,0,0,0,0,0,0,0,0,0,0,0,0,0,0,0,0,0,0,0,0,0,0,0,0,0,0
Cotter - Namadgi,1999,12,17,18,22,22,36,30,21,23,17,18,17,10,10,5,1,1,1,18,18,11,10,23,26,27,19,19,17,14,16,10,6,3,1,1,0,520
Gungahlin,1999,1072,853,596,536,809,1208,1135,966,702,581,490,264,192,127,72,43,18,11,993,796,595,570,954,1411,1247,983,712,637,461,283,190,122,84,50,24,20,19807
Migratory - Offshore - Shipping (ACT),1999,0,0,0,0,0,0,0,0,0,0,0,0,0,0,0,0,0,0,0,0,0,0,0,0,0,0,0,0,0,0,0,0,0,0,0,0,0
Special Purpose Codes SA3 (ACT),1999,0,0,0,0,0,0,0,0,0,0,0,0,0,0,0,0,0,0,0,0,0,0,0,0,0,0,0,0,0,0,0,0,0,0,0,0,0
Migratory - Offshore - Shipping (OT),1999,0,0,0,0,0,0,0,0,0,0,0,0,0,0,0,0,0,0,0,0,0,0,0,0,0,0,0,0,0,0,0,0,0,0,0,0,0
Special Purpose Codes SA3 (OT),1999,0,0,0,0,0,0,0,0,0,0,0,0,0,0,0,0,0,0,0,0,0,0,0,0,0,0,0,0,0,0,0,0,0,0,0,0,0
Illawarra Catchment Reserve,2000,0,0,0,0,0,0,0,0,0,1,1,2,4,2,1,0,0,0,0,2,0,0,0,0,0,0,0,0,0,0,0,0,0,0,0,0,13
Lord Howe Island,2000,5,13,9,4,10,8,16,17,16,19,13,10,13,7,8,3,2,3,15,14,6,4,10,13,12,14,20,13,16,14,10,6,7,5,5,3,363
Blue Mountains - South,2000,0,0,0,0,0,0,1,0,0,0,0,0,0,0,0,0,0,0,0,1,1,0,0,0,1,0,1,0,0,0,0,0,1,0,0,1,7
Migratory - Offshore - Shipping (NSW),2000,0,0,0,0,0,0,0,0,0,0,0,0,0,0,0,0,0,0,0,0,0,0,0,0,0,0,0,0,0,0,0,0,0,0,0,0,0
Special Purpose Codes SA3 (NSW),2000,0,0,0,0,0,0,0,0,0,0,0,0,0,0,0,0,0,0,0,0,0,0,0,0,0,0,0,0,0,0,0,0,0,0,0,0,0
Migratory - Offshore - Shipping (Vic.),2000,0,0,0,0,0,0,0,0,0,0,0,0,0,0,0,0,0,0,0,0,0,0,0,0,0,0,0,0,0,0,0,0,0,0,0,0,0
Special Purpose Codes SA3 (Vic.),2000,0,0,0,0,0,0,0,0,0,0,0,0,0,0,0,0,0,0,0,0,0,0,0,0,0,0,0,0,0,0,0,0,0,0,0,0,0
Migratory - Offshore - Shipping (Qld),2000,0,0,0,0,0,0,0,0,0,0,0,0,0,0,0,0,0,0,0,0,0,0,0,0,0,0,0,0,0,0,0,0,0,0,0,0,0
Special Purpose Codes SA3 (Qld),2000,0,0,0,0,0,0,0,0,0,0,0,0,0,0,0,0,0,0,0,0,0,0,0,0,0,0,0,0,0,0,0,0,0,0,0,0,0
Migratory - Offshore - Shipping (SA),2000,0,0,0,0,0,0,0,0,0,0,0,0,0,0,0,0,0,0,0,0,0,0,0,0,0,0,0,0,0,0,0,0,0,0,0,0,0
Special Purpose Codes SA3 (SA),2000,0,0,0,0,0,0,0,0,0,0,0,0,0,0,0,0,0,0,0,0,0,0,0,0,0,0,0,0,0,0,0,0,0,0,0,0,0
Migratory - Offshore - Shipping (WA),2000,0,0,0,0,0,0,0,0,0,0,0,0,0,0,0,0,0,0,0,0,0,0,0,0,0,0,0,0,0,0,0,0,0,0,0,0,0
Special Purpose Codes SA3 (WA),2000,0,0,0,0,0,0,0,0,0,0,0,0,0,0,0,0,0,0,0,0,0,0,0,0,0,0,0,0,0,0,0,0,0,0,0,0,0
Migratory - Offshore - Shipping (Tas.),2000,0,0,0,0,0,0,0,0,0,0,0,0,0,0,0,0,0,0,0,0,0,0,0,0,0,0,0,0,0,0,0,0,0,0,0,0,0
Special Purpose Codes SA3 (Tas.),2000,0,0,0,0,0,0,0,0,0,0,0,0,0,0,0,0,0,0,0,0,0,0,0,0,0,0,0,0,0,0,0,0,0,0,0,0,0
Migratory - Offshore - Shipping (NT),2000,0,0,0,0,0,0,0,0,0,0,0,0,0,0,0,0,0,0,0,0,0,0,0,0,0,0,0,0,0,0,0,0,0,0,0,0,0
Special Purpose Codes SA3 (NT),2000,0,0,0,0,0,0,0,0,0,0,0,0,0,0,0,0,0,0,0,0,0,0,0,0,0,0,0,0,0,0,0,0,0,0,0,0,0
Cotter - Namadgi,2000,11,17,19,20,23,39,29,20,23,18,19,17,11,10,5,2,1,1,18,15,16,9,20,29,26,17,21,12,15,19,11,7,3,1,0,0,524
Gungahlin,2000,1159,958,673,596,815,1278,1269,1059,808,627,575,325,216,146,93,52,23,10,1106,905,657,639,958,1454,1386,1087,829,681,549,342,223,144,107,58,31,22,21860
Migratory - Offshore - Shipping (ACT),2000,0,0,0,0,0,0,0,0,0,0,0,0,0,0,0,0,0,0,0,0,0,0,0,0,0,0,0,0,0,0,0,0,0,0,0,0,0
Special Purpose Codes SA3 (ACT),2000,0,0,0,0,0,0,0,0,0,0,0,0,0,0,0,0,0,0,0,0,0,0,0,0,0,0,0,0,0,0,0,0,0,0,0,0,0
Migratory - Offshore - Shipping (OT),2000,0,0,0,0,0,0,0,0,0,0,0,0,0,0,0,0,0,0,0,0,0,0,0,0,0,0,0,0,0,0,0,0,0,0,0,0,0
Special Purpose Codes SA3 (OT),2000,0,0,0,0,0,0,0,0,0,0,0,0,0,0,0,0,0,0,0,0,0,0,0,0,0,0,0,0,0,0,0,0,0,0,0,0,0
Illawarra Catchment Reserve,2001,1,1,0,0,0,0,0,1,0,2,1,0,0,0,0,0,0,1,0,0,1,0,1,1,1,0,1,0,0,1,0,0,0,0,0,0,13
Lord Howe Island,2001,10,11,6,6,11,5,17,18,13,20,14,9,14,9,8,3,1,2,14,18,5,2,9,11,18,13,16,16,17,12,12,6,4,6,5,2,363
Blue Mountains - South,2001,0,0,0,0,0,0,0,0,0,0,0,0,0,0,2,0,0,1,0,0,0,1,0,1,0,0,0,0,0,0,0,1,0,0,1,0,7
Migratory - Offshore - Shipping (NSW),2001,0,0,0,0,0,0,0,0,0,0,0,0,0,0,0,0,0,0,0,0,0,0,0,0,0,0,0,0,0,0,0,0,0,0,0,0,0
Special Purpose Codes SA3 (NSW),2001,0,0,0,0,0,0,0,0,0,0,0,0,0,0,0,0,0,0,0,0,0,0,0,0,0,0,0,0,0,0,0,0,0,0,0,0,0
Migratory - Offshore - Shipping (Vic.),2001,0,0,0,0,0,0,0,0,0,0,0,0,0,0,0,0,0,0,0,0,0,0,0,0,0,0,0,0,0,0,0,0,0,0,0,0,0
Special Purpose Codes SA3 (Vic.),2001,0,0,0,0,0,0,0,0,0,0,0,0,0,0,0,0,0,0,0,0,0,0,0,0,0,0,0,0,0,0,0,0,0,0,0,0,0
Migratory - Offshore - Shipping (Qld),2001,0,0,0,0,0,0,0,0,0,0,0,0,0,0,0,0,0,0,0,0,0,0,0,0,0,0,0,0,0,0,0,0,0,0,0,0,0
Special Purpose Codes SA3 (Qld),2001,0,0,0,0,0,0,0,0,0,0,0,0,0,0,0,0,0,0,0,0,0,0,0,0,0,0,0,0,0,0,0,0,0,0,0,0,0
Migratory - Offshore - Shipping (SA),2001,0,0,0,0,0,0,0,0,0,0,0,0,0,0,0,0,0,0,0,0,0,0,0,0,0,0,0,0,0,0,0,0,0,0,0,0,0
Special Purpose Codes SA3 (SA),2001,0,0,0,0,0,0,0,0,0,0,0,0,0,0,0,0,0,0,0,0,0,0,0,0,0,0,0,0,0,0,0,0,0,0,0,0,0
Migratory - Offshore - Shipping (WA),2001,0,0,0,0,0,0,0,0,0,0,0,0,0,0,0,0,0,0,0,0,0,0,0,0,0,0,0,0,0,0,0,0,0,0,0,0,0
Special Purpose Codes SA3 (WA),2001,0,0,0,0,0,0,0,0,0,0,0,0,0,0,0,0,0,0,0,0,0,0,0,0,0,0,0,0,0,0,0,0,0,0,0,0,0
Migratory - Offshore - Shipping (Tas.),2001,0,0,0,0,0,0,0,0,0,0,0,0,0,0,0,0,0,0,0,0,0,0,0,0,0,0,0,0,0,0,0,0,0,0,0,0,0
Special Purpose Codes SA3 (Tas.),2001,0,0,0,0,0,0,0,0,0,0,0,0,0,0,0,0,0,0,0,0,0,0,0,0,0,0,0,0,0,0,0,0,0,0,0,0,0
Migratory - Offshore - Shipping (NT),2001,0,0,0,0,0,0,0,0,0,0,0,0,0,0,0,0,0,0,0,0,0,0,0,0,0,0,0,0,0,0,0,0,0,0,0,0,0
Special Purpose Codes SA3 (NT),2001,0,0,0,0,0,0,0,0,0,0,0,0,0,0,0,0,0,0,0,0,0,0,0,0,0,0,0,0,0,0,0,0,0,0,0,0,0
Cotter - Namadgi,2001,12,16,16,17,20,42,38,19,22,26,20,20,11,9,6,1,3,0,19,15,19,9,17,32,26,17,21,8,13,14,7,6,6,0,0,0,527
Gungahlin,2001,1293,1048,781,675,878,1343,1402,1228,917,721,650,390,259,170,134,67,27,10,1321,1011,747,745,1024,1515,1557,1218,918,744,667,383,262,182,130,81,43,27,24568
Migratory - Offshore - Shipping (ACT),2001,0,0,0,0,0,0,0,0,0,0,0,0,0,0,0,0,0,0,0,0,0,0,0,0,0,0,0,0,0,0,0,0,0,0,0,0,0
Special Purpose Codes SA3 (ACT),2001,0,0,0,0,0,0,0,0,0,0,0,0,0,0,0,0,0,0,0,0,0,0,0,0,0,0,0,0,0,0,0,0,0,0,0,0,0
Migratory - Offshore - Shipping (OT),2001,0,0,0,0,0,0,0,0,0,0,0,0,0,0,0,0,0,0,0,0,0,0,0,0,0,0,0,0,0,0,0,0,0,0,0,0,0
Special Purpose Codes SA3 (OT),2001,0,0,0,0,0,0,0,0,0,0,0,0,0,0,0,0,0,0,0,0,0,0,0,0,0,0,0,0,0,0,0,0,0,0,0,0,0
Illawarra Catchment Reserve,2002,1,1,0,1,0,2,0,0,0,1,0,0,1,0,0,1,0,1,0,0,0,0,0,0,0,0,0,0,0,0,1,1,1,1,0,0,13
Lord Howe Island,2002,6,9,7,3,10,5,18,17,17,18,15,12,13,14,7,3,2,2,10,15,7,4,8,12,20,15,17,19,10,13,13,5,5,6,4,3,364
Blue Mountains - South,2002,0,0,0,1,0,0,0,0,1,0,0,0,0,0,1,2,0,0,0,0,0,0,0,0,0,0,0,0,0,0,0,1,1,0,0,0,7
Migratory - Offshore - Shipping (NSW),2002,0,0,0,0,0,0,0,0,0,0,0,0,0,0,0,0,0,0,0,0,0,0,0,0,0,0,0,0,0,0,0,0,0,0,0,0,0
Special Purpose Codes SA3 (NSW),2002,0,0,0,0,0,0,0,0,0,0,0,0,0,0,0,0,0,0,0,0,0,0,0,0,0,0,0,0,0,0,0,0,0,0,0,0,0
Migratory - Offshore - Shipping (Vic.),2002,0,0,0,0,0,0,0,0,0,0,0,0,0,0,0,0,0,0,0,0,0,0,0,0,0,0,0,0,0,0,0,0,0,0,0,0,0
Special Purpose Codes SA3 (Vic.),2002,0,0,0,0,0,0,0,0,0,0,0,0,0,0,0,0,0,0,0,0,0,0,0,0,0,0,0,0,0,0,0,0,0,0,0,0,0
Migratory - Offshore - Shipping (Qld),2002,0,0,0,0,0,0,0,0,0,0,0,0,0,0,0,0,0,0,0,0,0,0,0,0,0,0,0,0,0,0,0,0,0,0,0,0,0
Special Purpose Codes SA3 (Qld),2002,0,0,0,0,0,0,0,0,0,0,0,0,0,0,0,0,0,0,0,0,0,0,0,0,0,0,0,0,0,0,0,0,0,0,0,0,0
Migratory - Offshore - Shipping (SA),2002,0,0,0,0,0,0,0,0,0,0,0,0,0,0,0,0,0,0,0,0,0,0,0,0,0,0,0,0,0,0,0,0,0,0,0,0,0
Special Purpose Codes SA3 (SA),2002,0,0,0,0,0,0,0,0,0,0,0,0,0,0,0,0,0,0,0,0,0,0,0,0,0,0,0,0,0,0,0,0,0,0,0,0,0
Migratory - Offshore - Shipping (WA),2002,0,0,0,0,0,0,0,0,0,0,0,0,0,0,0,0,0,0,0,0,0,0,0,0,0,0,0,0,0,0,0,0,0,0,0,0,0
Special Purpose Codes SA3 (WA),2002,0,0,0,0,0,0,0,0,0,0,0,0,0,0,0,0,0,0,0,0,0,0,0,0,0,0,0,0,0,0,0,0,0,0,0,0,0
Migratory - Offshore - Shipping (Tas.),2002,0,0,0,0,0,0,0,0,0,0,0,0,0,0,0,0,0,0,0,0,0,0,0,0,0,0,0,0,0,0,0,0,0,0,0,0,0
Special Purpose Codes SA3 (Tas.),2002,0,0,0,0,0,0,0,0,0,0,0,0,0,0,0,0,0,0,0,0,0,0,0,0,0,0,0,0,0,0,0,0,0,0,0,0,0
Migratory - Offshore - Shipping (NT),2002,0,0,0,0,0,0,0,0,0,0,0,0,0,0,0,0,0,0,0,0,0,0,0,0,0,0,0,0,0,0,0,0,0,0,0,0,0
Special Purpose Codes SA3 (NT),2002,0,0,0,0,0,0,0,0,0,0,0,0,0,0,0,0,0,0,0,0,0,0,0,0,0,0,0,0,0,0,0,0,0,0,0,0,0
Cotter - Namadgi,2002,11,17,16,11,18,39,31,22,23,23,14,19,15,11,4,10,1,0,18,15,20,11,13,31,26,13,19,8,15,14,9,5,5,1,1,0,509
Gungahlin,2002,1360,1127,883,721,931,1310,1436,1292,1015,805,652,472,279,183,145,73,36,12,1340,1123,852,765,1061,1520,1602,1312,1012,790,725,455,293,206,145,87,53,31,26104
Migratory - Offshore - Shipping (ACT),2002,0,0,0,0,0,0,0,0,0,0,0,0,0,0,0,0,0,0,0,0,0,0,0,0,0,0,0,0,0,0,0,0,0,0,0,0,0
Special Purpose Codes SA3 (ACT),2002,0,0,0,0,0,0,0,0,0,0,0,0,0,0,0,0,0,0,0,0,0,0,0,0,0,0,0,0,0,0,0,0,0,0,0,0,0
Migratory - Offshore - Shipping (OT),2002,0,0,0,0,0,0,0,0,0,0,0,0,0,0,0,0,0,0,0,0,0,0,0,0,0,0,0,0,0,0,0,0,0,0,0,0,0
Special Purpose Codes SA3 (OT),2002,0,0,0,0,0,0,0,0,0,0,0,0,0,0,0,0,0,0,0,0,0,0,0,0,0,0,0,0,0,0,0,0,0,0,0,0,0
Illawarra Catchment Reserve,2003,0,0,0,0,0,2,0,0,0,0,2,1,0,0,0,1,0,1,0,0,0,0,1,2,0,0,0,0,1,0,0,0,0,0,2,0,13
Lord Howe Island,2003,4,9,8,5,7,8,17,15,16,18,21,10,11,13,6,9,2,0,11,13,9,4,5,11,19,13,18,18,8,12,13,7,5,5,4,5,359
Blue Mountains - South,2003,0,0,0,1,0,0,0,0,0,0,0,0,0,0,2,0,0,0,1,0,0,0,0,0,0,0,0,0,0,0,0,0,1,0,2,0,7
Migratory - Offshore - Shipping (NSW),2003,0,0,0,0,0,0,0,0,0,0,0,0,0,0,0,0,0,0,0,0,0,0,0,0,0,0,0,0,0,0,0,0,0,0,0,0,0
Special Purpose Codes SA3 (NSW),2003,0,0,0,0,0,0,0,0,0,0,0,0,0,0,0,0,0,0,0,0,0,0,0,0,0,0,0,0,0,0,0,0,0,0,0,0,0
Migratory - Offshore - Shipping (Vic.),2003,0,0,0,0,0,0,0,0,0,0,0,0,0,0,0,0,0,0,0,0,0,0,0,0,0,0,0,0,0,0,0,0,0,0,0,0,0
Special Purpose Codes SA3 (Vic.),2003,0,0,0,0,0,0,0,0,0,0,0,0,0,0,0,0,0,0,0,0,0,0,0,0,0,0,0,0,0,0,0,0,0,0,0,0,0
Migratory - Offshore - Shipping (Qld),2003,0,0,0,0,0,0,0,0,0,0,0,0,0,0,0,0,0,0,0,0,0,0,0,0,0,0,0,0,0,0,0,0,0,0,0,0,0
Special Purpose Codes SA3 (Qld),2003,0,0,0,0,0,0,0,0,0,0,0,0,0,0,0,0,0,0,0,0,0,0,0,0,0,0,0,0,0,0,0,0,0,0,0,0,0
Migratory - Offshore - Shipping (SA),2003,0,0,0,0,0,0,0,0,0,0,0,0,0,0,0,0,0,0,0,0,0,0,0,0,0,0,0,0,0,0,0,0,0,0,0,0,0
Special Purpose Codes SA3 (SA),2003,0,0,0,0,0,0,0,0,0,0,0,0,0,0,0,0,0,0,0,0,0,0,0,0,0,0,0,0,0,0,0,0,0,0,0,0,0
Migratory - Offshore - Shipping (WA),2003,0,0,0,0,0,0,0,0,0,0,0,0,0,0,0,0,0,0,0,0,0,0,0,0,0,0,0,0,0,0,0,0,0,0,0,0,0
Special Purpose Codes SA3 (WA),2003,0,0,0,0,0,0,0,0,0,0,0,0,0,0,0,0,0,0,0,0,0,0,0,0,0,0,0,0,0,0,0,0,0,0,0,0,0
Migratory - Offshore - Shipping (Tas.),2003,0,0,0,0,0,0,0,0,0,0,0,0,0,0,0,0,0,0,0,0,0,0,0,0,0,0,0,0,0,0,0,0,0,0,0,0,0
Special Purpose Codes SA3 (Tas.),2003,0,0,0,0,0,0,0,0,0,0,0,0,0,0,0,0,0,0,0,0,0,0,0,0,0,0,0,0,0,0,0,0,0,0,0,0,0
Migratory - Offshore - Shipping (NT),2003,0,0,0,0,0,0,0,0,0,0,0,0,0,0,0,0,0,0,0,0,0,0,0,0,0,0,0,0,0,0,0,0,0,0,0,0,0
Special Purpose Codes SA3 (NT),2003,0,0,0,0,0,0,0,0,0,0,0,0,0,0,0,0,0,0,0,0,0,0,0,0,0,0,0,0,0,0,0,0,0,0,0,0,0
Cotter - Namadgi,2003,12,14,14,21,18,32,30,23,18,27,8,14,14,6,3,1,0,0,16,14,19,15,16,34,26,15,15,10,16,8,8,4,3,1,2,0,477
Gungahlin,2003,1451,1191,952,790,963,1331,1487,1361,1161,847,711,556,310,211,148,80,46,14,1388,1209,956,777,1142,1518,1643,1436,1110,880,802,528,324,232,173,94,58,36,27916
Migratory - Offshore - Shipping (ACT),2003,0,0,0,0,0,0,0,0,0,0,0,0,0,0,0,0,0,0,0,0,0,0,0,0,0,0,0,0,0,0,0,0,0,0,0,0,0
Special Purpose Codes SA3 (ACT),2003,0,0,0,0,0,0,0,0,0,0,0,0,0,0,0,0,0,0,0,0,0,0,0,0,0,0,0,0,0,0,0,0,0,0,0,0,0
Migratory - Offshore - Shipping (OT),2003,0,0,0,0,0,0,0,0,0,0,0,0,0,0,0,0,0,0,0,0,0,0,0,0,0,0,0,0,0,0,0,0,0,0,0,0,0
Special Purpose Codes SA3 (OT),2003,0,0,0,0,0,0,0,0,0,0,0,0,0,0,0,0,0,0,0,0,0,0,0,0,0,0,0,0,0,0,0,0,0,0,0,0,0
Illawarra Catchment Reserve,2004,0,0,0,0,0,0,2,0,0,0,0,1,0,1,0,0,1,0,0,0,0,1,1,0,0,1,0,0,0,0,1,1,1,0,2,0,13
Lord Howe Island,2004,7,15,5,4,3,14,13,14,19,15,18,16,10,12,8,7,0,1,8,13,6,6,7,11,16,13,23,17,10,8,15,9,3,5,0,3,354
Blue Mountains - South,2004,0,0,0,0,0,0,0,0,0,0,0,1,0,0,1,1,0,0,1,0,0,0,0,0,0,0,0,0,0,0,0,1,0,1,1,0,7
Migratory - Offshore - Shipping (NSW),2004,0,0,0,0,0,0,0,0,0,0,0,0,0,0,0,0,0,0,0,0,0,0,0,0,0,0,0,0,0,0,0,0,0,0,0,0,0
Special Purpose Codes SA3 (NSW),2004,0,0,0,0,0,0,0,0,0,0,0,0,0,0,0,0,0,0,0,0,0,0,0,0,0,0,0,0,0,0,0,0,0,0,0,0,0
Migratory - Offshore - Shipping (Vic.),2004,0,0,0,0,0,0,0,0,0,0,0,0,0,0,0,0,0,0,0,0,0,0,0,0,0,0,0,0,0,0,0,0,0,0,0,0,0
Special Purpose Codes SA3 (Vic.),2004,0,0,0,0,0,0,0,0,0,0,0,0,0,0,0,0,0,0,0,0,0,0,0,0,0,0,0,0,0,0,0,0,0,0,0,0,0
Migratory - Offshore - Shipping (Qld),2004,0,0,0,0,0,0,0,0,0,0,0,0,0,0,0,0,0,0,0,0,0,0,0,0,0,0,0,0,0,0,0,0,0,0,0,0,0
Special Purpose Codes SA3 (Qld),2004,0,0,0,0,0,0,0,0,0,0,0,0,0,0,0,0,0,0,0,0,0,0,0,0,0,0,0,0,0,0,0,0,0,0,0,0,0
Migratory - Offshore - Shipping (SA),2004,0,0,0,0,0,0,0,0,0,0,0,0,0,0,0,0,0,0,0,0,0,0,0,0,0,0,0,0,0,0,0,0,0,0,0,0,0
Special Purpose Codes SA3 (SA),2004,0,0,0,0,0,0,0,0,0,0,0,0,0,0,0,0,0,0,0,0,0,0,0,0,0,0,0,0,0,0,0,0,0,0,0,0,0
Migratory - Offshore - Shipping (WA),2004,0,0,0,0,0,0,0,0,0,0,0,0,0,0,0,0,0,0,0,0,0,0,0,0,0,0,0,0,0,0,0,0,0,0,0,0,0
Special Purpose Codes SA3 (WA),2004,0,0,0,0,0,0,0,0,0,0,0,0,0,0,0,0,0,0,0,0,0,0,0,0,0,0,0,0,0,0,0,0,0,0,0,0,0
Migratory - Offshore - Shipping (Tas.),2004,0,0,0,0,0,0,0,0,0,0,0,0,0,0,0,0,0,0,0,0,0,0,0,0,0,0,0,0,0,0,0,0,0,0,0,0,0
Special Purpose Codes SA3 (Tas.),2004,0,0,0,0,0,0,0,0,0,0,0,0,0,0,0,0,0,0,0,0,0,0,0,0,0,0,0,0,0,0,0,0,0,0,0,0,0
Migratory - Offshore - Shipping (NT),2004,0,0,0,0,0,0,0,0,0,0,0,0,0,0,0,0,0,0,0,0,0,0,0,0,0,0,0,0,0,0,0,0,0,0,0,0,0
Special Purpose Codes SA3 (NT),2004,0,0,0,0,0,0,0,0,0,0,0,0,0,0,0,0,0,0,0,0,0,0,0,0,0,0,0,0,0,0,0,0,0,0,0,0,0
Cotter - Namadgi,2004,12,18,13,17,19,26,25,24,22,23,12,7,13,10,6,1,3,0,8,13,21,12,13,21,23,21,10,21,16,14,8,4,2,3,0,0,461
Gungahlin,2004,1488,1305,1036,831,1016,1364,1563,1416,1258,937,799,615,347,241,158,83,58,20,1413,1316,1046,819,1168,1533,1743,1508,1268,959,859,611,365,263,195,108,58,35,29802
Migratory - Offshore - Shipping (ACT),2004,0,0,0,0,0,0,0,0,0,0,0,0,0,0,0,0,0,0,0,0,0,0,0,0,0,0,0,0,0,0,0,0,0,0,0,0,0
Special Purpose Codes SA3 (ACT),2004,0,0,0,0,0,0,0,0,0,0,0,0,0,0,0,0,0,0,0,0,0,0,0,0,0,0,0,0,0,0,0,0,0,0,0,0,0
Migratory - Offshore - Shipping (OT),2004,0,0,0,0,0,0,0,0,0,0,0,0,0,0,0,0,0,0,0,0,0,0,0,0,0,0,0,0,0,0,0,0,0,0,0,0,0
Special Purpose Codes SA3 (OT),2004,0,0,0,0,0,0,0,0,0,0,0,0,0,0,0,0,0,0,0,0,0,0,0,0,0,0,0,0,0,0,0,0,0,0,0,0,0
Illawarra Catchment Reserve,2005,0,0,0,0,0,1,0,0,0,0,0,1,0,0,0,0,1,0,0,1,1,1,0,2,1,1,0,0,0,0,1,0,0,0,2,0,13
Lord Howe Island,2005,6,14,7,2,7,13,13,14,20,16,21,17,11,10,3,9,3,0,5,13,9,3,8,12,11,14,24,17,12,8,15,13,1,2,1,3,357
Blue Mountains - South,2005,2,0,0,0,0,0,0,0,0,0,0,0,0,1,0,2,1,0,0,0,0,0,0,0,0,0,0,0,0,0,0,0,0,1,0,0,7
Migratory - Offshore - Shipping (NSW),2005,0,0,0,0,0,0,0,0,0,0,0,0,0,0,0,0,0,0,0,0,0,0,0,0,0,0,0,0,0,0,0,0,0,0,0,0,0
Special Purpose Codes SA3 (NSW),2005,0,0,0,0,0,0,0,0,0,0,0,0,0,0,0,0,0,0,0,0,0,0,0,0,0,0,0,0,0,0,0,0,0,0,0,0,0
Migratory - Offshore - Shipping (Vic.),2005,0,0,0,0,0,0,0,0,0,0,0,0,0,0,0,0,0,0,0,0,0,0,0,0,0,0,0,0,0,0,0,0,0,0,0,0,0
Special Purpose Codes SA3 (Vic.),2005,0,0,0,0,0,0,0,0,0,0,0,0,0,0,0,0,0,0,0,0,0,0,0,0,0,0,0,0,0,0,0,0,0,0,0,0,0
Migratory - Offshore - Shipping (Qld),2005,0,0,0,0,0,0,0,0,0,0,0,0,0,0,0,0,0,0,0,0,0,0,0,0,0,0,0,0,0,0,0,0,0,0,0,0,0
Special Purpose Codes SA3 (Qld),2005,0,0,0,0,0,0,0,0,0,0,0,0,0,0,0,0,0,0,0,0,0,0,0,0,0,0,0,0,0,0,0,0,0,0,0,0,0
Migratory - Offshore - Shipping (SA),2005,0,0,0,0,0,0,0,0,0,0,0,0,0,0,0,0,0,0,0,0,0,0,0,0,0,0,0,0,0,0,0,0,0,0,0,0,0
Special Purpose Codes SA3 (SA),2005,0,0,0,0,0,0,0,0,0,0,0,0,0,0,0,0,0,0,0,0,0,0,0,0,0,0,0,0,0,0,0,0,0,0,0,0,0
Migratory - Offshore - Shipping (WA),2005,0,0,0,0,0,0,0,0,0,0,0,0,0,0,0,0,0,0,0,0,0,0,0,0,0,0,0,0,0,0,0,0,0,0,0,0,0
Special Purpose Codes SA3 (WA),2005,0,0,0,0,0,0,0,0,0,0,0,0,0,0,0,0,0,0,0,0,0,0,0,0,0,0,0,0,0,0,0,0,0,0,0,0,0
Migratory - Offshore - Shipping (Tas.),2005,0,0,0,0,0,0,0,0,0,0,0,0,0,0,0,0,0,0,0,0,0,0,0,0,0,0,0,0,0,0,0,0,0,0,0,0,0
Special Purpose Codes SA3 (Tas.),2005,0,0,0,0,0,0,0,0,0,0,0,0,0,0,0,0,0,0,0,0,0,0,0,0,0,0,0,0,0,0,0,0,0,0,0,0,0
Migratory - Offshore - Shipping (NT),2005,0,0,0,0,0,0,0,0,0,0,0,0,0,0,0,0,0,0,0,0,0,0,0,0,0,0,0,0,0,0,0,0,0,0,0,0,0
Special Purpose Codes SA3 (NT),2005,0,0,0,0,0,0,0,0,0,0,0,0,0,0,0,0,0,0,0,0,0,0,0,0,0,0,0,0,0,0,0,0,0,0,0,0,0
Cotter - Namadgi,2005,12,14,15,15,17,23,19,23,21,23,18,6,14,13,1,1,3,0,13,11,17,14,10,20,24,19,7,19,14,18,8,3,1,3,2,0,441
Gungahlin,2005,1528,1325,1111,908,1061,1368,1614,1471,1324,997,817,673,388,234,179,94,63,23,1447,1381,1116,871,1209,1561,1761,1563,1312,1016,864,677,401,265,199,108,60,40,31029
Migratory - Offshore - Shipping (ACT),2005,0,0,0,0,0,0,0,0,0,0,0,0,0,0,0,0,0,0,0,0,0,0,0,0,0,0,0,0,0,0,0,0,0,0,0,0,0
Special Purpose Codes SA3 (ACT),2005,0,0,0,0,0,0,0,0,0,0,0,0,0,0,0,0,0,0,0,0,0,0,0,0,0,0,0,0,0,0,0,0,0,0,0,0,0
Migratory - Offshore - Shipping (OT),2005,0,0,0,0,0,0,0,0,0,0,0,0,0,0,0,0,0,0,0,0,0,0,0,0,0,0,0,0,0,0,0,0,0,0,0,0,0
Special Purpose Codes SA3 (OT),2005,0,0,0,0,0,0,0,0,0,0,0,0,0,0,0,0,0,0,0,0,0,0,0,0,0,0,0,0,0,0,0,0,0,0,0,0,0
Illawarra Catchment Reserve,2006,0,0,0,0,0,0,0,0,0,0,1,2,1,1,0,0,0,1,0,0,0,0,0,1,1,1,1,0,0,0,1,1,0,1,0,0,13
Lord Howe Island,2006,2,19,6,8,5,13,11,13,17,13,21,19,10,5,7,9,3,3,9,11,11,5,10,10,6,13,21,21,12,6,13,19,0,2,0,4,357
Blue Mountains - South,2006,0,0,0,0,0,0,0,1,1,0,0,1,0,0,1,1,0,0,0,0,0,0,0,0,0,0,0,0,0,0,0,0,1,0,1,0,7
Migratory - Offshore - Shipping (NSW),2006,0,0,0,0,0,0,0,0,0,0,0,0,0,0,0,0,0,0,0,0,0,0,0,0,0,0,0,0,0,0,0,0,0,0,0,0,0
Special Purpose Codes SA3 (NSW),2006,0,0,0,0,0,0,0,0,0,0,0,0,0,0,0,0,0,0,0,0,0,0,0,0,0,0,0,0,0,0,0,0,0,0,0,0,0
Migratory - Offshore - Shipping (Vic.),2006,0,0,0,0,0,0,0,0,0,0,0,0,0,0,0,0,0,0,0,0,0,0,0,0,0,0,0,0,0,0,0,0,0,0,0,0,0
Special Purpose Codes SA3 (Vic.),2006,0,0,0,0,0,0,0,0,0,0,0,0,0,0,0,0,0,0,0,0,0,0,0,0,0,0,0,0,0,0,0,0,0,0,0,0,0
Migratory - Offshore - Shipping (Qld),2006,0,0,0,0,0,0,0,0,0,0,0,0,0,0,0,0,0,0,0,0,0,0,0,0,0,0,0,0,0,0,0,0,0,0,0,0,0
Special Purpose Codes SA3 (Qld),2006,0,0,0,0,0,0,0,0,0,0,0,0,0,0,0,0,0,0,0,0,0,0,0,0,0,0,0,0,0,0,0,0,0,0,0,0,0
Migratory - Offshore - Shipping (SA),2006,0,0,0,0,0,0,0,0,0,0,0,0,0,0,0,0,0,0,0,0,0,0,0,0,0,0,0,0,0,0,0,0,0,0,0,0,0
Special Purpose Codes SA3 (SA),2006,0,0,0,0,0,0,0,0,0,0,0,0,0,0,0,0,0,0,0,0,0,0,0,0,0,0,0,0,0,0,0,0,0,0,0,0,0
Migratory - Offshore - Shipping (WA),2006,0,0,0,0,0,0,0,0,0,0,0,0,0,0,0,0,0,0,0,0,0,0,0,0,0,0,0,0,0,0,0,0,0,0,0,0,0
Special Purpose Codes SA3 (WA),2006,0,0,0,0,0,0,0,0,0,0,0,0,0,0,0,0,0,0,0,0,0,0,0,0,0,0,0,0,0,0,0,0,0,0,0,0,0
Migratory - Offshore - Shipping (Tas.),2006,0,0,0,0,0,0,0,0,0,0,0,0,0,0,0,0,0,0,0,0,0,0,0,0,0,0,0,0,0,0,0,0,0,0,0,0,0
Special Purpose Codes SA3 (Tas.),2006,0,0,0,0,0,0,0,0,0,0,0,0,0,0,0,0,0,0,0,0,0,0,0,0,0,0,0,0,0,0,0,0,0,0,0,0,0
Migratory - Offshore - Shipping (NT),2006,0,0,0,0,0,0,0,0,0,0,0,0,0,0,0,0,0,0,0,0,0,0,0,0,0,0,0,0,0,0,0,0,0,0,0,0,0
Special Purpose Codes SA3 (NT),2006,0,0,0,0,0,0,0,0,0,0,0,0,0,0,0,0,0,0,0,0,0,0,0,0,0,0,0,0,0,0,0,0,0,0,0,0,0
Cotter - Namadgi,2006,13,16,11,10,14,20,9,29,22,21,19,7,12,10,3,3,5,0,7,10,17,21,9,14,24,17,6,23,11,19,9,3,0,4,0,0,418
Gungahlin,2006,1587,1397,1147,986,1116,1365,1669,1590,1403,1099,857,718,445,282,190,118,68,31,1535,1418,1174,957,1218,1613,1829,1667,1348,1068,881,751,455,304,225,124,75,40,32750
Migratory - Offshore - Shipping (ACT),2006,0,0,0,0,0,0,0,0,0,0,0,0,0,0,0,0,0,0,0,0,0,0,0,0,0,0,0,0,0,0,0,0,0,0,0,0,0
Special Purpose Codes SA3 (ACT),2006,0,0,0,0,0,0,0,0,0,0,0,0,0,0,0,0,0,0,0,0,0,0,0,0,0,0,0,0,0,0,0,0,0,0,0,0,0
Migratory - Offshore - Shipping (OT),2006,0,0,0,0,0,0,0,0,0,0,0,0,0,0,0,0,0,0,0,0,0,0,0,0,0,0,0,0,0,0,0,0,0,0,0,0,0
Special Purpose Codes SA3 (OT),2006,0,0,0,0,0,0,0,0,0,0,0,0,0,0,0,0,0,0,0,0,0,0,0,0,0,0,0,0,0,0,0,0,0,0,0,0,0
Illawarra Catchment Reserve,2007,0,0,0,0,0,2,0,1,1,0,0,0,1,0,1,0,0,0,0,0,0,0,0,1,1,1,1,0,0,0,0,1,1,1,0,0,13
Lord Howe Island,2007,4,13,6,4,8,13,10,13,13,27,19,17,11,8,7,5,5,2,7,11,10,8,12,9,10,15,14,20,11,7,13,17,5,1,5,4,364
Blue Mountains - South,2007,0,0,0,0,0,1,0,0,1,0,0,0,0,1,0,1,0,0,0,0,0,0,0,0,0,0,0,0,0,1,0,0,1,1,0,0,7
Migratory - Offshore - Shipping (NSW),2007,0,0,0,0,0,0,0,0,0,0,0,0,0,0,0,0,0,0,0,0,0,0,0,0,0,0,0,0,0,0,0,0,0,0,0,0,0
Special Purpose Codes SA3 (NSW),2007,0,0,0,0,0,0,0,0,0,0,0,0,0,0,0,0,0,0,0,0,0,0,0,0,0,0,0,0,0,0,0,0,0,0,0,0,0
Migratory - Offshore - Shipping (Vic.),2007,0,0,0,0,0,0,0,0,0,0,0,0,0,0,0,0,0,0,0,0,0,0,0,0,0,0,0,0,0,0,0,0,0,0,0,0,0
Special Purpose Codes SA3 (Vic.),2007,0,0,0,0,0,0,0,0,0,0,0,0,0,0,0,0,0,0,0,0,0,0,0,0,0,0,0,0,0,0,0,0,0,0,0,0,0
Migratory - Offshore - Shipping (Qld),2007,0,0,0,0,0,0,0,0,0,0,0,0,0,0,0,0,0,0,0,0,0,0,0,0,0,0,0,0,0,0,0,0,0,0,0,0,0
Special Purpose Codes SA3 (Qld),2007,0,0,0,0,0,0,0,0,0,0,0,0,0,0,0,0,0,0,0,0,0,0,0,0,0,0,0,0,0,0,0,0,0,0,0,0,0
Migratory - Offshore - Shipping (SA),2007,0,0,0,0,0,0,0,0,0,0,0,0,0,0,0,0,0,0,0,0,0,0,0,0,0,0,0,0,0,0,0,0,0,0,0,0,0
Special Purpose Codes SA3 (SA),2007,0,0,0,0,0,0,0,0,0,0,0,0,0,0,0,0,0,0,0,0,0,0,0,0,0,0,0,0,0,0,0,0,0,0,0,0,0
Migratory - Offshore - Shipping (WA),2007,0,0,0,0,0,0,0,0,0,0,0,0,0,0,0,0,0,0,0,0,0,0,0,0,0,0,0,0,0,0,0,0,0,0,0,0,0
Special Purpose Codes SA3 (WA),2007,0,0,0,0,0,0,0,0,0,0,0,0,0,0,0,0,0,0,0,0,0,0,0,0,0,0,0,0,0,0,0,0,0,0,0,0,0
Migratory - Offshore - Shipping (Tas.),2007,0,0,0,0,0,0,0,0,0,0,0,0,0,0,0,0,0,0,0,0,0,0,0,0,0,0,0,0,0,0,0,0,0,0,0,0,0
Special Purpose Codes SA3 (Tas.),2007,0,0,0,0,0,0,0,0,0,0,0,0,0,0,0,0,0,0,0,0,0,0,0,0,0,0,0,0,0,0,0,0,0,0,0,0,0
Migratory - Offshore - Shipping (NT),2007,0,0,0,0,0,0,0,0,0,0,0,0,0,0,0,0,0,0,0,0,0,0,0,0,0,0,0,0,0,0,0,0,0,0,0,0,0
Special Purpose Codes SA3 (NT),2007,0,0,0,0,0,0,0,0,0,0,0,0,0,0,0,0,0,0,0,0,0,0,0,0,0,0,0,0,0,0,0,0,0,0,0,0,0
Cotter - Namadgi,2007,12,17,20,12,20,22,8,26,22,18,17,8,10,7,4,0,4,1,5,15,16,20,11,18,19,19,12,19,10,20,4,4,0,5,0,0,425
Gungahlin,2007,1699,1472,1234,1098,1201,1467,1661,1727,1474,1194,904,724,518,306,196,127,69,34,1667,1474,1276,1061,1268,1698,1842,1838,1464,1126,927,789,551,380,230,157,69,50,34972
Migratory - Offshore - Shipping (ACT),2007,0,0,0,0,0,0,0,0,0,0,0,0,0,0,0,0,0,0,0,0,0,0,0,0,0,0,0,0,0,0,0,0,0,0,0,0,0
Special Purpose Codes SA3 (ACT),2007,0,0,0,0,0,0,0,0,0,0,0,0,0,0,0,0,0,0,0,0,0,0,0,0,0,0,0,0,0,0,0,0,0,0,0,0,0
Migratory - Offshore - Shipping (OT),2007,0,0,0,0,0,0,0,0,0,0,0,0,0,0,0,0,0,0,0,0,0,0,0,0,0,0,0,0,0,0,0,0,0,0,0,0,0
Special Purpose Codes SA3 (OT),2007,0,0,0,0,0,0,0,0,0,0,0,0,0,0,0,0,0,0,0,0,0,0,0,0,0,0,0,0,0,0,0,0,0,0,0,0,0
Illawarra Catchment Reserve,2008,0,0,0,0,0,1,0,0,0,0,0,2,1,0,1,0,0,0,1,0,0,0,0,0,2,1,1,0,0,0,0,2,1,0,0,0,13
Lord Howe Island,2008,4,7,8,4,10,13,8,14,12,32,16,19,13,7,10,2,6,2,10,11,7,11,12,6,13,16,13,19,14,3,14,17,7,1,6,4,371
Blue Mountains - South,2008,0,0,0,0,0,0,0,1,0,0,0,0,0,0,0,0,1,0,0,1,0,0,0,0,0,0,0,0,0,0,0,1,1,1,1,0,7
Migratory - Offshore - Shipping (NSW),2008,0,0,0,0,0,0,0,0,0,0,0,0,0,0,0,0,0,0,0,0,0,0,0,0,0,0,0,0,0,0,0,0,0,0,0,0,0
Special Purpose Codes SA3 (NSW),2008,0,0,0,0,0,0,0,0,0,0,0,0,0,0,0,0,0,0,0,0,0,0,0,0,0,0,0,0,0,0,0,0,0,0,0,0,0
Migratory - Offshore - Shipping (Vic.),2008,0,0,0,0,0,0,0,0,0,0,0,0,0,0,0,0,0,0,0,0,0,0,0,0,0,0,0,0,0,0,0,0,0,0,0,0,0
Special Purpose Codes SA3 (Vic.),2008,0,0,0,0,0,0,0,0,0,0,0,0,0,0,0,0,0,0,0,0,0,0,0,0,0,0,0,0,0,0,0,0,0,0,0,0,0
Migratory - Offshore - Shipping (Qld),2008,0,0,0,0,0,0,0,0,0,0,0,0,0,0,0,0,0,0,0,0,0,0,0,0,0,0,0,0,0,0,0,0,0,0,0,0,0
Special Purpose Codes SA3 (Qld),2008,0,0,0,0,0,0,0,0,0,0,0,0,0,0,0,0,0,0,0,0,0,0,0,0,0,0,0,0,0,0,0,0,0,0,0,0,0
Migratory - Offshore - Shipping (SA),2008,0,0,0,0,0,0,0,0,0,0,0,0,0,0,0,0,0,0,0,0,0,0,0,0,0,0,0,0,0,0,0,0,0,0,0,0,0
Special Purpose Codes SA3 (SA),2008,0,0,0,0,0,0,0,0,0,0,0,0,0,0,0,0,0,0,0,0,0,0,0,0,0,0,0,0,0,0,0,0,0,0,0,0,0
Migratory - Offshore - Shipping (WA),2008,0,0,0,0,0,0,0,0,0,0,0,0,0,0,0,0,0,0,0,0,0,0,0,0,0,0,0,0,0,0,0,0,0,0,0,0,0
Special Purpose Codes SA3 (WA),2008,0,0,0,0,0,0,0,0,0,0,0,0,0,0,0,0,0,0,0,0,0,0,0,0,0,0,0,0,0,0,0,0,0,0,0,0,0
Migratory - Offshore - Shipping (Tas.),2008,0,0,0,0,0,0,0,0,0,0,0,0,0,0,0,0,0,0,0,0,0,0,0,0,0,0,0,0,0,0,0,0,0,0,0,0,0
Special Purpose Codes SA3 (Tas.),2008,0,0,0,0,0,0,0,0,0,0,0,0,0,0,0,0,0,0,0,0,0,0,0,0,0,0,0,0,0,0,0,0,0,0,0,0,0
Migratory - Offshore - Shipping (NT),2008,0,0,0,0,0,0,0,0,0,0,0,0,0,0,0,0,0,0,0,0,0,0,0,0,0,0,0,0,0,0,0,0,0,0,0,0,0
Special Purpose Codes SA3 (NT),2008,0,0,0,0,0,0,0,0,0,0,0,0,0,0,0,0,0,0,0,0,0,0,0,0,0,0,0,0,0,0,0,0,0,0,0,0,0
Cotter - Namadgi,2008,9,17,23,14,24,22,8,23,21,18,17,8,12,9,4,1,2,0,4,14,16,22,13,21,19,19,15,14,14,18,3,6,0,2,1,1,434
Gungahlin,2008,1793,1577,1329,1223,1310,1620,1732,1855,1572,1305,927,741,591,342,221,149,80,36,1771,1555,1355,1210,1338,1796,1895,1977,1585,1216,985,842,599,438,249,176,81,63,37534
Migratory - Offshore - Shipping (ACT),2008,0,0,0,0,0,0,0,0,0,0,0,0,0,0,0,0,0,0,0,0,0,0,0,0,0,0,0,0,0,0,0,0,0,0,0,0,0
Special Purpose Codes SA3 (ACT),2008,0,0,0,0,0,0,0,0,0,0,0,0,0,0,0,0,0,0,0,0,0,0,0,0,0,0,0,0,0,0,0,0,0,0,0,0,0
Migratory - Offshore - Shipping (OT),2008,0,0,0,0,0,0,0,0,0,0,0,0,0,0,0,0,0,0,0,0,0,0,0,0,0,0,0,0,0,0,0,0,0,0,0,0,0
Special Purpose Codes SA3 (OT),2008,0,0,0,0,0,0,0,0,0,0,0,0,0,0,0,0,0,0,0,0,0,0,0,0,0,0,0,0,0,0,0,0,0,0,0,0,0
Illawarra Catchment Reserve,2009,0,0,0,0,0,2,0,0,0,0,0,2,0,0,2,0,0,0,2,0,0,0,0,0,2,0,2,0,0,0,0,0,0,1,0,0,13
Lord Howe Island,2009,1,7,7,0,17,17,10,15,9,32,14,18,14,8,11,4,4,1,14,11,8,7,12,4,16,19,8,15,15,5,13,16,11,4,6,4,377
Blue Mountains - South,2009,0,0,0,0,0,0,0,1,0,0,0,0,0,0,1,0,1,1,0,0,0,0,0,0,0,0,0,0,0,0,0,0,0,2,1,0,7
Migratory - Offshore - Shipping (NSW),2009,0,0,0,0,0,0,0,0,0,0,0,0,0,0,0,0,0,0,0,0,0,0,0,0,0,0,0,0,0,0,0,0,0,0,0,0,0
Special Purpose Codes SA3 (NSW),2009,0,0,0,0,0,0,0,0,0,0,0,0,0,0,0,0,0,0,0,0,0,0,0,0,0,0,0,0,0,0,0,0,0,0,0,0,0
Migratory - Offshore - Shipping (Vic.),2009,0,0,0,0,0,0,0,0,0,0,0,0,0,0,0,0,0,0,0,0,0,0,0,0,0,0,0,0,0,0,0,0,0,0,0,0,0
Special Purpose Codes SA3 (Vic.),2009,0,0,0,0,0,0,0,0,0,0,0,0,0,0,0,0,0,0,0,0,0,0,0,0,0,0,0,0,0,0,0,0,0,0,0,0,0
Migratory - Offshore - Shipping (Qld),2009,0,0,0,0,0,0,0,0,0,0,0,0,0,0,0,0,0,0,0,0,0,0,0,0,0,0,0,0,0,0,0,0,0,0,0,0,0
Special Purpose Codes SA3 (Qld),2009,0,0,0,0,0,0,0,0,0,0,0,0,0,0,0,0,0,0,0,0,0,0,0,0,0,0,0,0,0,0,0,0,0,0,0,0,0
Migratory - Offshore - Shipping (SA),2009,0,0,0,0,0,0,0,0,0,0,0,0,0,0,0,0,0,0,0,0,0,0,0,0,0,0,0,0,0,0,0,0,0,0,0,0,0
Special Purpose Codes SA3 (SA),2009,0,0,0,0,0,0,0,0,0,0,0,0,0,0,0,0,0,0,0,0,0,0,0,0,0,0,0,0,0,0,0,0,0,0,0,0,0
Migratory - Offshore - Shipping (WA),2009,0,0,0,0,0,0,0,0,0,0,0,0,0,0,0,0,0,0,0,0,0,0,0,0,0,0,0,0,0,0,0,0,0,0,0,0,0
Special Purpose Codes SA3 (WA),2009,0,0,0,0,0,0,0,0,0,0,0,0,0,0,0,0,0,0,0,0,0,0,0,0,0,0,0,0,0,0,0,0,0,0,0,0,0
Migratory - Offshore - Shipping (Tas.),2009,0,0,0,0,0,0,0,0,0,0,0,0,0,0,0,0,0,0,0,0,0,0,0,0,0,0,0,0,0,0,0,0,0,0,0,0,0
Special Purpose Codes SA3 (Tas.),2009,0,0,0,0,0,0,0,0,0,0,0,0,0,0,0,0,0,0,0,0,0,0,0,0,0,0,0,0,0,0,0,0,0,0,0,0,0
Migratory - Offshore - Shipping (NT),2009,0,0,0,0,0,0,0,0,0,0,0,0,0,0,0,0,0,0,0,0,0,0,0,0,0,0,0,0,0,0,0,0,0,0,0,0,0
Special Purpose Codes SA3 (NT),2009,0,0,0,0,0,0,0,0,0,0,0,0,0,0,0,0,0,0,0,0,0,0,0,0,0,0,0,0,0,0,0,0,0,0,0,0,0
Cotter - Namadgi,2009,11,19,28,18,28,23,7,21,26,22,12,10,13,6,6,0,0,1,6,12,19,21,13,25,19,23,19,12,15,15,10,2,1,0,2,2,467
Gungahlin,2009,1904,1662,1420,1340,1445,1753,1815,1963,1636,1363,1036,798,621,374,258,166,84,41,1815,1609,1433,1316,1431,1908,1967,2078,1710,1330,1056,897,640,496,277,191,96,75,40004
Migratory - Offshore - Shipping (ACT),2009,0,0,0,0,0,0,0,0,0,0,0,0,0,0,0,0,0,0,0,0,0,0,0,0,0,0,0,0,0,0,0,0,0,0,0,0,0
Special Purpose Codes SA3 (ACT),2009,0,0,0,0,0,0,0,0,0,0,0,0,0,0,0,0,0,0,0,0,0,0,0,0,0,0,0,0,0,0,0,0,0,0,0,0,0
Migratory - Offshore - Shipping (OT),2009,0,0,0,0,0,0,0,0,0,0,0,0,0,0,0,0,0,0,0,0,0,0,0,0,0,0,0,0,0,0,0,0,0,0,0,0,0
Special Purpose Codes SA3 (OT),2009,0,0,0,0,0,0,0,0,0,0,0,0,0,0,0,0,0,0,0,0,0,0,0,0,0,0,0,0,0,0,0,0,0,0,0,0,0
Illawarra Catchment Reserve,2010,0,0,0,0,0,1,2,0,0,0,0,0,0,1,1,0,2,0,3,0,0,0,0,0,2,0,0,0,0,0,0,0,0,1,0,0,13
Lord Howe Island,2010,5,6,7,4,14,17,15,13,5,32,15,18,14,4,11,3,3,0,21,11,8,7,10,11,15,14,11,13,18,6,12,15,13,4,5,5,385
Blue Mountains - South,2010,0,0,0,0,0,0,0,1,0,0,0,0,0,1,0,0,1,0,0,0,0,0,0,0,0,0,0,0,0,0,0,0,0,2,2,0,7
Migratory - Offshore - Shipping (NSW),2010,0,0,0,0,0,0,0,0,0,0,0,0,0,0,0,0,0,0,0,0,0,0,0,0,0,0,0,0,0,0,0,0,0,0,0,0,0
Special Purpose Codes SA3 (NSW),2010,0,0,0,0,0,0,0,0,0,0,0,0,0,0,0,0,0,0,0,0,0,0,0,0,0,0,0,0,0,0,0,0,0,0,0,0,0
Migratory - Offshore - Shipping (Vic.),2010,0,0,0,0,0,0,0,0,0,0,0,0,0,0,0,0,0,0,0,0,0,0,0,0,0,0,0,0,0,0,0,0,0,0,0,0,0
Special Purpose Codes SA3 (Vic.),2010,0,0,0,0,0,0,0,0,0,0,0,0,0,0,0,0,0,0,0,0,0,0,0,0,0,0,0,0,0,0,0,0,0,0,0,0,0
Migratory - Offshore - Shipping (Qld),2010,0,0,0,0,0,0,0,0,0,0,0,0,0,0,0,0,0,0,0,0,0,0,0,0,0,0,0,0,0,0,0,0,0,0,0,0,0
Special Purpose Codes SA3 (Qld),2010,0,0,0,0,0,0,0,0,0,0,0,0,0,0,0,0,0,0,0,0,0,0,0,0,0,0,0,0,0,0,0,0,0,0,0,0,0
Migratory - Offshore - Shipping (SA),2010,0,0,0,0,0,0,0,0,0,0,0,0,0,0,0,0,0,0,0,0,0,0,0,0,0,0,0,0,0,0,0,0,0,0,0,0,0
Special Purpose Codes SA3 (SA),2010,0,0,0,0,0,0,0,0,0,0,0,0,0,0,0,0,0,0,0,0,0,0,0,0,0,0,0,0,0,0,0,0,0,0,0,0,0
Migratory - Offshore - Shipping (WA),2010,0,0,0,0,0,0,0,0,0,0,0,0,0,0,0,0,0,0,0,0,0,0,0,0,0,0,0,0,0,0,0,0,0,0,0,0,0
Special Purpose Codes SA3 (WA),2010,0,0,0,0,0,0,0,0,0,0,0,0,0,0,0,0,0,0,0,0,0,0,0,0,0,0,0,0,0,0,0,0,0,0,0,0,0
Migratory - Offshore - Shipping (Tas.),2010,0,0,0,0,0,0,0,0,0,0,0,0,0,0,0,0,0,0,0,0,0,0,0,0,0,0,0,0,0,0,0,0,0,0,0,0,0
Special Purpose Codes SA3 (Tas.),2010,0,0,0,0,0,0,0,0,0,0,0,0,0,0,0,0,0,0,0,0,0,0,0,0,0,0,0,0,0,0,0,0,0,0,0,0,0
Migratory - Offshore - Shipping (NT),2010,0,0,0,0,0,0,0,0,0,0,0,0,0,0,0,0,0,0,0,0,0,0,0,0,0,0,0,0,0,0,0,0,0,0,0,0,0
Special Purpose Codes SA3 (NT),2010,0,0,0,0,0,0,0,0,0,0,0,0,0,0,0,0,0,0,0,0,0,0,0,0,0,0,0,0,0,0,0,0,0,0,0,0,0
Cotter - Namadgi,2010,13,22,29,22,36,22,13,17,33,29,16,10,12,2,4,3,1,1,8,12,20,21,17,28,20,22,27,11,19,18,13,1,3,0,4,2,531
Gungahlin,2010,2065,1763,1486,1450,1656,1979,1950,2055,1765,1452,1113,852,654,435,277,189,88,46,1951,1690,1511,1391,1646,2070,2118,2157,1839,1446,1128,936,706,510,336,191,111,89,43101
Migratory - Offshore - Shipping (ACT),2010,0,0,0,0,0,0,0,0,0,0,0,0,0,0,0,0,0,0,0,0,0,0,0,0,0,0,0,0,0,0,0,0,0,0,0,0,0
Special Purpose Codes SA3 (ACT),2010,0,0,0,0,0,0,0,0,0,0,0,0,0,0,0,0,0,0,0,0,0,0,0,0,0,0,0,0,0,0,0,0,0,0,0,0,0
Migratory - Offshore - Shipping (OT),2010,0,0,0,0,0,0,0,0,0,0,0,0,0,0,0,0,0,0,0,0,0,0,0,0,0,0,0,0,0,0,0,0,0,0,0,0,0
Special Purpose Codes SA3 (OT),2010,0,0,0,0,0,0,0,0,0,0,0,0,0,0,0,0,0,0,0,0,0,0,0,0,0,0,0,0,0,0,0,0,0,0,0,0,0
Illawarra Catchment Reserve,2011,0,0,0,0,0,0,5,0,0,0,0,0,0,0,1,0,0,0,3,0,0,3,0,1,0,0,0,0,0,0,0,0,0,0,0,0,13
Lord Howe Island,2011,12,3,6,3,15,11,25,13,3,33,8,27,8,8,11,7,3,0,16,9,3,10,3,8,21,7,16,17,23,10,12,11,13,6,7,4,392
Blue Mountains - South,2011,0,0,0,0,0,0,0,2,0,0,0,0,0,0,1,0,0,0,0,0,0,3,0,1,0,0,0,0,0,0,0,0,0,0,0,0,7
Migratory - Offshore - Shipping (NSW),2011,0,0,0,0,0,0,0,0,0,0,0,0,0,0,0,0,0,0,0,0,0,0,0,0,0,0,0,0,0,0,0,0,0,0,0,0,0
Special Purpose Codes SA3 (NSW),2011,0,0,0,0,0,0,0,0,0,0,0,0,0,0,0,0,0,0,0,0,0,0,0,0,0,0,0,0,0,0,0,0,0,0,0,0,0
Migratory - Offshore - Shipping (Vic.),2011,0,0,0,0,0,0,0,0,0,0,0,0,0,0,0,0,0,0,0,0,0,0,0,0,0,0,0,0,0,0,0,0,0,0,0,0,0
Special Purpose Codes SA3 (Vic.),2011,0,0,0,0,0,0,0,0,0,0,0,0,0,0,0,0,0,0,0,0,0,0,0,0,0,0,0,0,0,0,0,0,0,0,0,0,0
Migratory - Offshore - Shipping (Qld),2011,0,0,0,0,0,0,0,0,0,0,0,0,0,0,0,0,0,0,0,0,0,0,0,0,0,0,0,0,0,0,0,0,0,0,0,0,0
Special Purpose Codes SA3 (Qld),2011,0,0,0,0,0,0,0,0,0,0,0,0,0,0,0,0,0,0,0,0,0,0,0,0,0,0,0,0,0,0,0,0,0,0,0,0,0
Migratory - Offshore - Shipping (SA),2011,0,0,0,0,0,0,0,0,0,0,0,0,0,0,0,0,0,0,0,0,0,0,0,0,0,0,0,0,0,0,0,0,0,0,0,0,0
Special Purpose Codes SA3 (SA),2011,0,0,0,0,0,0,0,0,0,0,0,0,0,0,0,0,0,0,0,0,0,0,0,0,0,0,0,0,0,0,0,0,0,0,0,0,0
Migratory - Offshore - Shipping (WA),2011,0,0,0,0,0,0,0,0,0,0,0,0,0,0,0,0,0,0,0,0,0,0,0,0,0,0,0,0,0,0,0,0,0,0,0,0,0
Special Purpose Codes SA3 (WA),2011,0,0,0,0,0,0,0,0,0,0,0,0,0,0,0,0,0,0,0,0,0,0,0,0,0,0,0,0,0,0,0,0,0,0,0,0,0
Migratory - Offshore - Shipping (Tas.),2011,0,0,0,0,0,0,0,0,0,0,0,0,0,0,0,0,0,0,0,0,0,0,0,0,0,0,0,0,0,0,0,0,0,0,0,0,0
Special Purpose Codes SA3 (Tas.),2011,0,0,0,0,0,0,0,0,0,0,0,0,0,0,0,0,0,0,0,0,0,0,0,0,0,0,0,0,0,0,0,0,0,0,0,0,0
Migratory - Offshore - Shipping (NT),2011,0,0,0,0,0,0,0,0,0,0,0,0,0,0,0,0,0,0,0,0,0,0,0,0,0,0,0,0,0,0,0,0,0,0,0,0,0
Special Purpose Codes SA3 (NT),2011,0,0,0,0,0,0,0,0,0,0,0,0,0,0,0,0,0,0,0,0,0,0,0,0,0,0,0,0,0,0,0,0,0,0,0,0,0
Cotter - Namadgi,2011,20,19,33,23,42,21,8,13,37,27,29,9,10,2,10,3,1,1,14,10,22,20,19,34,19,23,33,12,20,16,10,3,0,0,3,1,567
Gungahlin,2011,2308,1956,1704,1501,1876,2284,2332,2282,2085,1639,1258,964,696,482,299,181,92,39,2145,1884,1680,1472,1927,2492,2557,2380,2091,1611,1206,941,793,500,309,174,103,94,48337
Migratory - Offshore - Shipping (ACT),2011,0,0,0,0,0,0,0,0,0,0,0,0,0,0,0,0,0,0,0,0,0,0,0,0,0,0,0,0,0,0,0,0,0,0,0,0,0
Special Purpose Codes SA3 (ACT),2011,0,0,0,0,0,0,0,0,0,0,0,0,0,0,0,0,0,0,0,0,0,0,0,0,0,0,0,0,0,0,0,0,0,0,0,0,0
Migratory - Offshore - Shipping (OT),2011,0,0,0,0,0,0,0,0,0,0,0,0,0,0,0,0,0,0,0,0,0,0,0,0,0,0,0,0,0,0,0,0,0,0,0,0,0
Special Purpose Codes SA3 (OT),2011,0,0,0,0,0,0,0,0,0,0,0,0,0,0,0,0,0,0,0,0,0,0,0,0,0,0,0,0,0,0,0,0,0,0,0,0,0
